section,category,word,kana,description
あ行,退職給付会計,アクチュアリー,あくちゅありー,アクチュアリーとは、年金数理や保険数理の専門家であり、アクチュアリーになるためには、日本アクチュアリー会が実施する資格試験に合格し、日本アクチュアリー会の会員になる必要があります。アクチュアリーの行う業務は、必ずしも年金業務だけでなく、生命保険業務や損害保険業務も含まれます。年金数理人になるためには、アクチュアリーであることが要件となっています。
あ行,資産除去債務,アスベスト,あすべすと,アスベストとは、天然に産する繊維状けい酸塩鉱物で「せきめん」「いしわた」と呼ばれており、現在では、原則として製造等が禁止されています。石綿は、飛び散ること、吸い込むことが問題となるため、労働安全衛生法や大気汚染防止法、石綿障害予防規則などに基づき、アスベストの周辺環境への飛散防止など適切な措置が図られています。
あ行,棚卸資産,後入先出法,あといれさきだしほう,後入先出法とは、最も新しく取得されたものから棚卸資産の払い出しが行われ、期末棚卸資産は、最も古く取得されたものからなると見なして、期末棚卸資産の価額を算定する方法をいいます。改定棚卸資産会計基準においては、棚卸資産の評価方法として認められていません。
あ行,退職給付会計,安全性の高い長期の債券,あんぜんせいのたかいちょうきのさいけん,退職給付債務の計算に用いる割引率は、安全性の高い長期の債券の利回りを基礎として決定しなければならないとされています。安全性の高い長期の債券には、長期の国債、政府機関債のほかに、例えば複数の格付機関よりダブルA格相当以上を得ている社債等が含まれます。また、「長期」とは、退職給付の見込支払日までの平均期間を原則としますが、実務上は従業員の平均残存勤務期間に近似した年数とすることもできます。
あ行,会社法,委員会,いいんかい,委員会とは、指名委員会、監査委員会および報酬委員会をいいます。
あ行,会社法,委員会設置会社,いいんかいせっちがいしゃ,委員会設置会社とは、指名委員会、監査委員会および報酬委員会を置く株式会社をいいます。
あ行,リース,維持管理費用相当額,いじかんりひようそうとうがく,維持管理費用相当額とは、借手が負担するリース料の中に通常含まれる、リース物件の維持管理に伴う固定資産税、保険料等の諸費用をいいます。
あ行,包括利益,1計算書方式と2計算書方式,いちけいさんしょほうしきとにけいさんしょほうしき,1計算書方式とは、連結損益及び包括利益計算書の一つの計算書のみを作成する形式をいい、2計算書方式とは、連結損益計算書と連結包括利益計算書の二つの計算書を作成する形式をいいます。会計基準上、1計算書方式と2計算書方式のいずれかを選択することとされており、原則として、選択した計算書の方式を毎期継続して適用する必要があります。
あ行,税金・税効果,一時差異,いちじさい,一時差異とは、「貸借対照表に計上されている資産および負債の金額と課税所得計算上の資産および負債の金額との差額」をいいます。一時差異には、\n（1）収益または費用の帰属年度の相違から生じる差額（期間差異）\n（2）資産の評価替えにより生じた評価差額が直接資本の部に計上され、かつ、課税所得の計算に含まれていない場合の当該差額\nがあります。資産負債法による税効果会計において、調整の対象となる企業会計と税務計算との差異が一時差異です。
あ行,税金・税効果,一時差異等,いちじさいとう,「一時差異等」とは、「一時差異」と「一時差異に準ずるもの」とを併せた総称です。\nここで、「一時差異に準ずるもの」とは、一時差異と同じ税効果を有する項目をいいます。「一時差異に準ずるもの」には、将来の課税所得と相殺可能な繰越欠損金、将来実現することが見込まれる繰越外国税額控除等が含まれます。また、一時差異等は、将来の課税所得に与える効果に基づいて、「将来減算一時差異」と「将来加算一時差異」とに分類されます。
あ行,無形資産・ソフトウェア,著しい改良,いちじるしいかいりょう,著しい改良とは、市場販売目的のソフトウェアにおいて、研究・開発の定義に該当する改良、すなわち研究及び開発の要素を含む大幅な改良であり、完成に向けて相当程度以上の技術的な困難が伴うものをいいます。著しい改良と認められる場合には、研究開発費として費用処理します。\n\n具体的には、機能の改良・強化を行うために必要なプログラムの過半部分を再制作する場合、ソフトウェアが動作する環境（言語、プラットホームなど）を変更・追加するために大幅な修正が必要になる場合などがあります。
あ行,外貨建・在外子会社,移転価格税制,いてんかかくぜいせい,移転価格税制とは、企業が親子会社間での取引を行う際に、仕入価格を高く設定することや販売価格を安くすることにより、所得を国際的に移転し、税負担を減少させる行為に対応するため、その原因となる関連者間取引について第三者との取引としてなされた価格（独立企業間価格）に修正して課税所得を決定するための税制をいいます。
あ行,金融商品,ウェザー・デリバティブ,うぇざー・でりばてぃぶ,ウェザー・デリバティブとは、冷夏、暖冬、大雨、渇水といった自然現象に伴う企業の経営リスクをヘッジするもので、平均気温や降雪量等の自然現象等にリンクしたデリバティブ取引です。損失補てん性がないため、保険契約とは区別されます。
あ行,税金・税効果,永久差異（一時差異等に該当しない差異）,えいきゅうさい,永久差異とは、「税引前当期純利益の計算において、費用または収益として計上されるが、課税所得の計算上は、永久に損金または益金に算入されない項目」をいいます。これらの項目は、将来、課税所得の計算上で加算または減算させる効果を持たないため、一時差異等には該当せず、税効果会計の対象となりません。具体的には、交際費等の損金不算入額、受取配当金の益金不算入額、損金不算入の罰科金等が該当します。
あ行,連結,影響力基準,えいきょうりょくきじゅん,影響力基準とは、議決権比率に加えて、親会社及び子会社が財務・営業の方針決定に対して重要な影響を与えることができるか否かを判断し、重要な影響を与えるという事実が認められる場合には、当該会社を関連会社に含めるという、関係会社の範囲の決定に関する基準です。
あ行,金融商品,オプション取引,おぷしょんとりひき,オプション取引には、（1）上場取引と（2）非上場取引の両方があります。\n（1） 上場オプション取引\n証券取引所等の定める基準および方法に従い取引所市場において、取引の当事者の一方の意思表示により当事者間においてあらかじめ定めた対象物の売買、デリバティブ取引その他の取引を成立させることができる権利（＝オプション）を相手方が当事者の一方に付与し、当事者の一方がこれに対して対価（＝オプション料）を支払うことを約する取引および外国取引所市場において行われるこれに類似する取引をいいます。\n（2） 非上場オプション取引\n取引所市場および外国取引所市場以外において行われる上記に類似する取引をいいます。
あ行,リース,オペレーティング・リース,おぺれーてぃんぐりーす,オペレーティング・リース取引とは、ファイナンス・リース取引以外のリース取引のことをいいます。
あ行,連結,親会社および子会社（財規第８条第３項）,おやがいしゃおよびこがいしゃ,親会社とは、他の会社等（会社、組合その他これに準ずる事業体（外国におけるこれらに相当するものを含む。）をいう）の財務および営業または事業の方針を決定する機関（株主総会その他これに準ずる機関をいう。）を支配している会社をいい、子会社とは当該他の会社等をいいます。
か行,会社法,会計監査人設置会社,かいけいかんさにんせっちがいしゃ,会計監査人設置会社とは、会計監査人を置く株式会社または会社法の規定により会計監査人を置かなければならない株式会社をいいます。
か行,退職給付会計,会計基準変更時差異,かいけいきじゅんへんこうじさい,会計基準変更時差異とは、退職給付会計基準の適用初年度の期首における、「退職給付会計基準による未積立退職給付債務」の金額と「従来の会計基準により計上された退職給与引当金等」の金額との差額をいい、今後費用処理または費用の減額処理をしなければならない金額を意味します。この場合における「退職給付会計基準による未積立退職給付債務」とは退職給付債務から年金資産の公正な評価額を控除した額を指します。
か行,会社法,会計参与設置会社,かいけいさんよせっちがいしゃ,会計参与設置会社とは、会計参与を置く株式会社をいいます。
か行,過年度遡及,会計上の変更,かいけいじょうのへんこう,会計上の変更とは、会計方針の変更、表示方法の変更及び会計上の見積りの変更をいいます。なお、過去の財務諸表における誤謬の訂正は、会計上の変更には該当しません。
か行,過年度遡及,会計上の見積り,かいけいじょうのみつもり,会計上の見積りとは、資産及び負債や収益及び費用等の額に不確実性がある場合において、財務諸表作成時に入手可能な情報に基づいて、その合理的な金額を算出することをいいます。
か行,過年度遡及,会計上の見積りの変更,かいけいじょうのみつもりのへんこう,会計上の見積りの変更とは、新たに入手可能となった情報に基づいて、過去に財務諸表を作成する際に行った会計上の見積りを変更することをいいます。会計上の見積りを変更した場合には、従来と同様、遡及処理は求められていません。
か行,過年度遡及,会計方針,かいけいほうしん,会計方針とは、財務諸表の作成に当たって採用した会計処理の原則及び手続きをいいます。従来、わが国においては会計方針には表示方法が含まれるものとされていましたが、国際的な会計基準とのコンバージェンスの観点を踏まえ、「会計上の変更及び誤謬の訂正に関する会計基準」（企業会計基準委員会・平成21年12月公表）においては、会計方針と表示方法とを別々に定義しています。\n会計方針は、正当な理由により変更を行う場合（以下の（1）（2））を除き、毎期継続して適用することとされています。\n（1）会計基準等の改正に伴う会計方針の変更するケース\n（2）（1）以外の正当な理由により自発的に会計方針を変更するケース
か行,過年度遡及,会計方針の変更,かいけいほうしんのへんこう,会計方針の変更とは、従来採用していた一般に公正妥当と認められた会計方針から他の一般に公正妥当と認められた会計方針に変更することをいいます。会計方針を変更した場合には、原則として遡及処理（遡及適用）が必要となります。
か行,連結,開始仕訳,かいししわけ,開始仕訳とは、前連結会計年度以前から継続して連結財務諸表を作成している場合における前連結会計年度末までになされた累積的な連結仕訳のことをいいます。
か行,会社法,会社,かいしゃ,会社とは、株式会社、合名会社、合資会社または合同会社をいいます。\n[外国会社を含んだ意味で使用される場合の定義]\n会社法：\n第2条第33号、第5条、第6条第1項、第8条から第24条まで、第135条第2項第1号、第155条第10項、第978条第3号、\n会社法施行規則：\n第74条第4項第5号、第76条第4項第5号、第120条第5号ニ･ヘ、第124条第1号、第134条第1項第7号、第187条第1項第8号、第207条第1項第8号]\n次に掲げるものをいいます。\nイ.株式会社、合名会社、合資会社または合同会社 \nロ.外国会社 \n[外国会社その他の法人を含んだ意味で使用される場合の定義\n会社法第467条第1項第3号、同法第468条]\n次に掲げるものをいいます。\nイ.株式会社、合名会社、合資会社または合同会社 \nロ.外国会社その他の法人 
か行,会社法,会社等,かいしゃとう,会社等とは、会社（※1）、組合（※2）その他これらに準ずる事業体をいいます。\n（※1）外国会社を含みます。\n（※2）外国における組合に相当するものを含みます。
か行,会社法,会社役員,かいしゃやくいん,会社役員とは、当該株式会社の取締役、会計参与、監査役および執行役をいいます。\n[会社法施行規則第119条から第128条までの定義]\n当該株式会社の取締役、会計参与、監査役および執行役（※）をいいます。\n（※）直前の定時株主総会の終結の日の翌日以降に在任していたものであって、当該事業年度の末日までに退任したものを含みます。
か行,リース,解約不能のリース取引,かいやくふのうのりーすとりひき,解約不能のリース取引とは、リース契約に基づくリース期間の中途において当該契約を解除することができないリース取引又はこれに準ずるリース取引をいいます。解約不能のリース取引には、契約上リース期間中は解約不能であることが明記されているものだけでなく、法的形式上は解約可能であるとしても、解約に際し、相当の違約金（規定損害金）を支払わなければならないなどの理由から、事実上解約不能と認められるリース取引が含まれます。
か行,退職給付会計,確定給付型年金,かくていきゅうふがたねんきん,確定給付型年金とは、給付（将来受け取る年金額）が確定している年金を意味します。確定している給付額を確保するためには、年金資産の過不足額は掛金の金額で調整されますので、株価の下落などにより掛金の運用が失敗した場合には、将来の掛金を増額しなければならなくなります。現在の日本の年金制度は大半が確定給付型年金になっています。
か行,退職給付会計,確定給付企業年金法,かくていきゅうふきぎょうねんきんほう,確定給付企業年金法とは、確定給付型の企業年金について、受給権保護等を図るために制定された法律で、積立基準、受託者責任、情報開示等統一的な基準を定めるとともに、厚生年金基金については、厚生年金の代行を行わない他の企業年金制度への移行を認めることなどが定められています。平成14年4月1日から（厚生年金基金からの移行については平成15年9月1日から）施行されています。
か行,退職給付会計,確定拠出型年金,かくていきょしゅつがたねんきん,確定拠出型年金とは、拠出（掛金）が確定している年金を意味します。将来受け取ることができる年金の額は、掛金の運用益が多ければ増加しますが、株価の下落などにより運用が失敗すれば年金額も減少します。掛金の金額が変動しませんので、会社にとっては、確定給付型年金のように追加負担が生じるリスクがないというメリットがありますが、逆に、年金を受け取る人にとっては、年金の額が変動するリスクがあるため、老後の生活資金に充てるという目的からは、不安が残るというデメリットもあります。
か行,退職給付会計,確定拠出年金法,かくていきょしゅつねんきんほう,確定拠出年金法とは、拠出した掛金を個人が自己の責任において運用の指図を行い、その掛金と運用益との合計額をもとに給付額が決定される確定拠出型の年金制度の創設を図るために制定された法律で、企業が労使合意に基づいて実施する企業型年金と、企業年金に加入していない従業員や自営業者が加入する個人型年金とが定められています。平成13年10月1日から施行されています。
か行,退職給付会計,過去勤務債務,かこきんむさいむ,過去勤務債務とは、退職給付水準の改訂等に起因して発生した退職給付債務の増加または減少部分をいいます。これは、退職金規程等の改訂に伴い、退職給付水準が変更された結果生じる、改訂前の退職給付債務と改訂後の退職給付債務の改訂時点における差額を意味します。なお、「退職給付水準の改訂等」の中には、会社が初めて退職給付制度を導入したような場合で、給付の計算対象が現存する従業員の過年度の勤務期間にも及ぶようなときも含まれます。
か行,外貨建・在外子会社,過少資本税制,かしょうしほんぜいせい,過少資本税制とは、租税特別措置法第66条の5に定められている国外支配株主等に係る負債の利子の課税の特例をいいます。\n国外に親会社等をもつ国内の会社について、資金調達を借入で行うと支払利息は損金算入され、出資で行うと配当は損金不算入となり、資金調達方法を借入によるか、出資によるかによって法人税の負担額が異なることになります。このため、資本を過少にし税負担を回避することに対処し、課税の適正化を図るため、借入のうち一定の金額を超える部分にかかる利息については損金とみなさないこととする税制をいいます。
か行,会社法,過年度事項,かねんどじこう,過年度事項とは、当該事業年度より前の事業年度に係る貸借対照表、損益計算書または株主資本等変動計算書に表示すべき事項をいいます。
か行,会社法,株券発行会社,かぶけんはっこうがいしゃ,株券発行会社とは、その発行する株式（※）に係る株券を発行する旨の定款の定めがある株式会社をいいます。\n（※） 種類株式発行会社にあっては、全部の種類の株式。
か行,会社法,株式,かぶしき,株式とは、株式および持分をいいます。
か行,会社法,株式移転,かぶしきいてん,株式移転とは、1または2以上の株式会社がその発行済株式の全部を新たに設立する株式会社に取得させることをいいます。\n[会社計算規則の定義]\n次に掲げるものをいいます。\nイ.1または2以上の株式会社がその発行済株式の全部を新たに設立する株式会社に取得させること\nロ.組織変更株式移転（保険業法96の8①）
か行,企業再編,株式移転制度,かぶしきいてんせいど,株式移転とは、完全親会社となる株式会社（C社）が新設され、1または2以上の株式会社（A社およびB社）がその発行済株式の全部を完全親会社となる株式会社に取得させることをいいます。\n株式移転は、既存の一社がその持株会社を創設する場合または既存の二社以上が一つの持株会社の下に経営を統合する場合などに利用できる制度です。
か行,その他,株式給付型日本版ESOP,かぶしききゅうふがたにほんばんいそっぷ,株式給付型日本版ESOPとは、日本版ESOPのうち、株式を給付する形態をとるものです。具体的には、導入企業が信託設定時に自己株式を付与するか、あるいは現金を拠出した後、市場等から信託が導入企業の株式を購入します。信託は、導入企業が定めた規程に従い、一定の要件（例えば、一定期間の勤務後の退職等）を満たした従業員（あるいは退職者）に当該株式を交付することになります。\nなお、退職時に株式を交付するスキームとなっているものは「退職給付（退職金）型日本版ESOP」などと呼ばれます。また、勤務期間中に株式の交付を受けるスキームは「在職給付型日本版ESOP」などと呼ばれています。
か行,会社法,株式交換,かぶしきこうかん,株式交換とは、株式会社がその発行済株式の全部を他の株式会社または合同会社に取得させることをいいます。\n[会社計算規則の定義]\n次に掲げるものをいいます。\nイ.株式会社がその発行済株式の全部を他の株式会社または合同会社に取得させること \nロ.組織変更株式交換(保険業法96の5①) 
か行,企業再編,株式交換制度,かぶしきこうかんせいど,株式交換とは、株式会社（B社）がその発行済株式の全部を他の株式会社等（A社）に取得させることをいいます。\n株式交換は、企業買収または既存の子会社の完全子会社化等に利用できる制度です。
か行,企業再編,株式交換比率,かぶしきこうかんひりつ,株式交換比率とは、株式交換完全子会社の株主に対して、株式交換完全子会社株式1株に対して割り当てられる株式交換完全親会社株式の割当比率のことをいいます。
か行,会社法,株式取得者,かぶしきしゅとくしゃ,株式取得者とは、株式を当該株式を発行した株式会社以外の者から取得した者（当該株式会社を除く）をいいます。
か行,会社法,株式等,かぶしきとう,株式等とは、株式、社債および新株予約権をいいます。
か行,企業再編,株式の評価方法,かぶしきのひょうかほうほう,株式交換比率ないし合併比率の算定を目的とした株価の評価方法については、市場での株価を基礎とする（公開企業の場合）のをはじめ、当該会社の価値を公正に評価できる方法を選択する必要があります。評価方法としては一般に次の方法が考えられます。\n①純資産方式\n純資産を基礎として株価を評価する方法です。資産・負債を時価評価して純資産を求める方法（時価純資産法）と時価評価しないで純資産を求める方法（簿価純資産法）とがあります。 \n②収益方式\n収益やキャッシュフローを基礎として株価を評価する方法です。収益還元法、ディスカウント・キャッシュ・フロー法（DCF法）等があります。 \n③配当方式\n株式投資の果実である配当を基礎として株価を算定する方法です。配当還元法や内部留保率を考慮したゴードンモデル法等があります。 \n④比準方式\n業種等の企業の属性が類似している企業、同業種の公開企業の株価の平均と比較することにより株価を算定する方法です。類似業種比準法、類似会社比準法、取引事例法等があります。 \n⑤併 用 法\n上記の各方法を併用して株価を算定する方法です。 
か行,会社法,株式無償割当て,かぶしきむしょうわりあて,株式無償割当てとは、株主（※）に対して新たに払い込みをさせないで当該株式会社の株式の割り当てをすること。\n（※） 種類株式発行会社にあっては、ある種類の種類株主。
か行,会社法,株主,かぶぬし,株主とは、株主および持分会社の社員その他これらに相当するものをいいます。
か行,会社法,株主資本等変動計算書等,かぶぬししほんとうへんどうけいさんしょとう,株主資本等変動計算書等とは、株主資本等変動計算書、連結株主資本等変動計算書および社員資本等変動計算書をいいます。
か行,会社法,株主総会参考書類,かぶぬしそうかいさんこうしょるい,株主総会参考書類とは、株主総会の招集の通知に際して交付する議決権の行使について参考となるべき事項を記載した書類をいいます。
か行,金融商品,カラー,からー,カラーとは金利のゼロ・コスト・オプションです。\n定期預金の金利下落リスクを回避するために、フロアーの購入とキャップの売却をすることによりフロアーのオプション料をキャップの売却により相殺することによって、金利上昇時のメリットをある程度放棄する代わりに、金利下落時のフロア効果の恩恵を受けることができます。従って、カラーはデリバティブ取引（キャップとフロアー）が組み合わされた複合金融商品となります。
か行,税金・税効果,為替換算調整勘定,かわせかんさんちょうせいかんじょう,為替換算調整勘定とは、在外子会社等の財務諸表の換算手続において発生する、決算時為替相場で換算される資産および負債項目の円貨額と取得時または発生時の為替相場で換算される資本項目の円貨額との差額のことをいいます。このように為替換算調整勘定は、在外子会社等の貸借対照表項目の円貨への換算手続の結果発生し、在外子会社等の経営成績とは無関係に発生するものであるため、純資産の部の独立項目として累積することになります。\n 在外子会社等の財務諸表の換算において発生する為替換算調整勘定により、子会社等への投資の連結貸借対照表上の価額が親会社の個別貸借対照表上の投資簿価を下回ることがあります。この為替換算調整勘定により生じた差額は将来減算一時差異に該当します。一方、在外子会社等の財務諸表の換算において発生する為替換算調整勘定により、子会社等への投資の連結貸借対照表上の価額が親会社の個別貸借対照表上の投資簿価を上回ることもあります。この為替換算調整により生じた差額は将来加算一時差異に該当します。\n 税効果会計の適用上、為替換算調整勘定に対する税効果は主に投資会社が株式を売却することによって実現しますので、基本的には子会社等の株式の売却の意思が明確な場合には、為替換算調整勘定を含む子会社等への投資に係る一時差異について、税効果を認識することが必要になります。この場合、連結貸借対照表の純資産の部に計上される為替換算調整勘定は、それに対応して認識された繰延税金資産および繰延税金負債に見合う額を加減して計上します。また、売却時には、繰延税金資産および繰延税金負債を取り崩し、為替換算調整勘定と同様に子会社等の株式の売却損益に含めて計上します。
か行,外貨建・在外子会社,為替予約,かわせよやく,為替予約とは、将来の一定時点において、一定量の通貨を他の通貨による一定の価額で売買することを相対取引で約する契約です。
か行,金融商品,為替予約取引,かわせよやくとりひき,取引の当事者があらかじめ将来の一定の時期において、一定の価格（為替レート）で外国通貨およびその対価の授受を約する取引をいいます。
か行,会社法,監査委員,かんさいいん,監査委員とは、監査委員会の委員をいいます。
か行,会社法,監査役会設置会社,かんさやくかいせっちがいしゃ,監査役会設置会社とは、監査役会を置く株式会社または会社法の規定により監査役会を置かなければならない株式会社をいいます。
か行,会社法,監査役設置会社,かんさやくせっちがいしゃ,監査役設置会社とは、監査役を置く株式会社（※1）または会社法の規定により監査役を置かなければならない株式会社をいいます。\n[会社法第436条第1項の定義]\n監査役を置く株式会社または会社法の規定により監査役を置かなければならない株式会社をいいます（※2）。\n（※1）その監査役の監査の範囲を会計に関するものに限定する旨の定款の定めがあるものを除きます。 \n（※2）その監査役の監査の範囲を会計に関するものに限定する旨の定款の定めがあるものを含み、会計監査人設置会社を除きます。 
か行,会社法,完全親会社,かんぜんおやがいしゃ,完全親会社とは、特定の株式会社の発行済株式の全部を有する株式会社、ある株式会社および当該ある株式会社の完全子会社または当該ある株式会社の完全子会社が特定の株式会社の発行済株式の全部を有する場合における当該ある株式会社をいいます。
か行,会社法,完全子会社,かんぜんこがいしゃ,完全子会社とは、ある株式会社が他の株式会社の発行済株式の全部を有する場合における当該他の株式会社をいいます。\nなお、完全親会社および完全親会社の完全子会社または完全親会社の完全子会社が他の株式会社の発行済株式の全部を有する場合における当該他の株式会社も完全子会社と見なされます。
か行,退職給付会計,簡便法（退職給付）,かんべんほう（たいしょくきゅうふ）,従業員が比較的少ない小規模企業等の場合には、退職給付債務および退職給付費用の計算を原則通りに計算することが相当の事務負担になることが考えられます。また、高い信頼性をもって数理計算上の見積りを行うことが困難である場合や退職給付の重要性が乏しい場合も考えられます。簡便法とは、このような場合に容認される会計処理をいいます。具体的には、簡便法では、期末自己都合要支給額や年金財政計算上の責任準備金の金額、またはその金額に比較指数や係数を乗じた金額を退職給付債務とします。
か行,連結,関連会社,かんれんがいしゃ,関連会社とは、企業（当該企業が子会社を有する場合には、当該子会社を含む。）が、出資、人事、資金、技術、取引等の関係を通じて、子会社以外の他の企業の財務及び営業又は事業の方針の決定に対して重要な影響を与えることができる場合における当該子会社以外の他の企業をいいます。
か行,税金・税効果,外形標準課税制度,がいけいひょうじゅんかぜいせいど,外形標準課税制度とは、公益法人等を除く資本の金額または出資金額が1億円を超える法人に対し、「付加価値割」及び「資本割」という外形基準によって課税する制度をいいます。地方税法の改正により、平成16年4月1日以後に開始する事業年度から、法人事業税に外形標準課税制度を導入することとなりました。\n 外形基準である付加価値割の課税標準は、各事業年度の収益配分額（報酬給与額、純支払利子および純支払賃借料の合計額）と単年度損益を合算した付加価値額となります。しかし、この付加価値額は、その構成要素である単年度損益とその他の部分とは相関関係にあるなど、課税所得の概念とは異なっています。また、資本割の課税標準は各事業年度の資本等の金額であるため、課税所得とは無関係となります。このように、これら2つの課税標準は、利益に関連する金額を課税標準として課される税金を対象にした税効果会計の計算論理には適合しないため、繰延税金資産および繰延税金負債を計算する場合の法定実効税率の算式に含めるべきではないとされています。
か行,会社法,外国会社,がいこくがいしゃ,外国会社とは、外国の法令に準拠して設立された法人その他の外国の団体であって、会社と同種のものまたは会社に類似するものをいいます。
か行,外貨建・在外子会社,外国税額控除,がいこくぜいがくこうじょ,外国税額控除とは、内国法人の海外支店が課された外国法人税、および海外子会社から受けた配当に係る法人税につき、国際間での二重課税を避けるために認められている税額控除の制度をいいます。前者の海外支店等が支払った税額の控除を直接外国税額控除といい、後者の子会社からの受取配当金に関する税額控除を間接外国税額控除といいます。
か行,企業再編,合併交付金,がっぺいこうふきん,合併交付金とは、合併に際して被合併会社（消滅会社）の株主に対し交付される金銭のことをいいます。合併交付金は、合併比率をきりのよい数字にまとめるために利用されますが、合併交付金の中には、被合併会社の最終の配当として支払われるものもあります。
か行,企業再編,合併比率,がっぺいひりつ,合併比率とは、消滅会社の株主に対して、消滅会社の株式1株に対する存続会社株式ないし新設会社株式の割当比率のことをいいます。
か行,税金・税効果,期間差異,きかんさい,期間差異とは、収益または費用の帰属年度の相違から生じる差額（期間差異）をいいます（個別実務指針4項）。繰延法による税効果会計において調整の対象となる企業会計と税務計算との差異が期間差異です。資産負債法による税効果会計においても、期間差異は調整の対象となりますが、それのみが調整対象となるわけではありません。
か行,退職給付会計,期間定額基準,きかんていがくきじゅん,期間定額基準とは、退職給付見込額のうち、期末までに発生していると認められる額を見積もる方法の中で、退職給付見込額を全勤務期間で除した額を各期の発生額とする方法をいいます。この方法は、退職給付見込額の期間配分方法の原則的な方法とされていますが、これは、そもそも期末までに発生していると認められる額を厳密に見積もるのは困難であるため、より単純で一定の合理性が認められる勤務期間を基準に配分する方法を原則的な方法としているものです。
か行,無形資産・ソフトウェア,機器組み込みソフトウェア,ききくみこみそふとうえあ,機器組み込みソフトウェアとは、機械・器具備品等（デジタル家電や携帯端末等）に組み込まれたソフトウェアをいいます。有機的一体として機能する機器組み込みソフトウェアの購入者においては、当該機械等の取得原価に算入し、「機械及び装置」等の科目を用いて処理します。
か行,企業再編,企業結合,きぎょうけつごう,企業結合とは、ある企業又はある企業を構成する事業と他の企業又は他の企業を構成する事業とが1 つの報告単位に統合されることをいいます。
か行,会社法,企業集団,きぎょうしゅうだん,企業集団とは、当該株式会社ならびにその親会社および子会社をいいます。\nなお、連結計算書類においては、株式会社およびその子会社をいいます。
か行,退職給付会計,企業年金制度,きぎょうねんきんせいど,企業年金制度とは、会社が採用する退職給付制度のうち、会社が退職給付の原資について、掛金を支払うことによって外部積立てを行っていき、従業員が定年や自己都合で退職した際には、その外部積立してある資産から従業員に年金として支払う制度のことをいいます。企業年金制度の主なものとしては、適格退職年金制度、厚生年金基金制度などがあります。
か行,会社法,基準株式数,きじゅんかぶしきすう,基準株式数とは、配当財産の割り当てをしないこととする一定の数未満の株式の基準数をいいます。
か行,会社法,基準資本金額,きじゅんしほんきんがく,基準資本金額とは、資本金の額に4分の1を乗じて得た額をいいます。
か行,会社法,基準日,きじゅんび,基準日とは、株主の権利を行使することのできる者を定めるために設ける一定の日をいいます。
か行,会社法,基準日株主,きじゅんびかぶぬし,基準日株主とは、基準日において株主名簿に記載されまたは記録されている株主をいいます。
か行,会社法,基準未満株式,きじゅんみまんかぶしき,基準未満株式とは、基準株式数に満たない数の株式をいいます。
か行,退職給付会計,基礎率,きそりつ,基礎率とは、退職給付債務等の数理計算において必要となる各種の予測数値のことをいいます。基礎率には、割引率、期待運用収益率、退職率、予定昇給率などがあります。基礎率が変動し、退職給付債務等の金額に重要な影響があると認められるような場合には、基礎率を見直すことが必要になります。基礎率を見直した結果、退職給付債務が変動した場合には、数理計算上の差異となります。
か行,退職給付会計,期待運用収益,きたいうんようしゅうえき,期待運用収益とは、年金資産の運用により生ずると期待される収益のことをいい、退職給付費用の計算において勤務費用や利息費用から控除されます。退職給付は支出までに相当の期間があることから、現在積み立てている年金資産を運用することにより運用益が生ずるため、その分だけ将来の新たな積立金の拠出が削減されるととらえて、退職給付費用の計算で控除します。そして、その期待運用収益は、年金資産の実際の運用実績を用いるのではなく、期首の年金資産の額に対して期待運用収益率を乗じて計算します。
か行,退職給付会計,期待運用収益率,きたいうんようしゅうえきりつ,期待運用収益率は、期首の年金資産について合理的に期待される収益額の当該年金資産額に対する比率をいいます。期待運用収益率は、保有している年金資産のポートフォリオ、過去の運用実績、運用方針および市場の動向等を考慮して算定します。ただし、当年度の期待運用収益率は、前年度における運用収益の実績等に基づいて再検討し、当期損益に重要な影響があると認められる場合のほかは、見直さないことができます。
か行,無形資産・ソフトウェア,機能維持費用,きのういじひよう,ソフトメーカーにおいて、全くバグのないプログラムを作成することは不可能といわれていますが、プログラムを作成した開発者が、全く想定していなかった使い方をしたことでバグが発見される場合もあります。パッケージソフトの場合、ソフトメーカーの多くは無料でバージョンアップやプログラムの一部差替えなどの処置あるいは、軽微なバグの場合は、それを修復するためのプログラムをインターネットなどを通じて配布することが多くありますが、機能維持費用とは、これらにかかる費用をいいます。また、コンピュータシステムの安定稼働を確保するためには、コンピュータが要求する付帯設備の条件を維持するための保守が重要ですが、これらの保守費用もハード面での機能維持費用ということになります。
か行,退職給付会計,期末要支給額,きまつようしきゅうがく,期末要支給額とは、期末現在において全従業員が退職すると仮定した場合に、会社の退職金規程等に基づいて計算した、全従業員に対する退職金の支給総額をいいます。一般的に、退職金規程等に基づいて計算される退職金の額は、自己の都合による退職なのか、会社の都合による退職なのかにより金額が異なるため、それぞれ、自己都合期末要支給額と会社都合期末要支給額とが計算できます。
か行,資産除去債務,キャッチアップ・アプローチ,きゃっちあっぷ・あぷろーち,キャッチアップ・アプローチとは、資産除去債務の見積りの変更から生じる調整額を、資産除去債務に係る負債及び有形固定資産の残高に反映し、その調整の効果を一時の損益とする方法をいいます。\n このアプローチは、適用初年度における期首残高を調整する方法として採用されています。
か行,会社法,吸収型再編,きゅうしゅうがたさいへん,吸収型再編とは、次に掲げる行為をいいます。\nイ.吸収合併\nロ.吸収分割\nハ.株式交換
か行,会社法,吸収型再編受入行為,きゅうしゅうがたさいへんうけいれこうい,吸収型再編受入行為とは、次に掲げる行為をいいます。\nイ.吸収合併による吸収合併消滅会社の権利義務の全部の承継\nロ.吸収分割による吸収分割会社がその事業に関して有する権利義務の全部または一部の承継\nハ.株式交換による株式交換完全子会社の発行済株式全部の取得
か行,会社法,吸収合併,きゅうしゅうがっぺい,吸収合併とは、会社が他の会社とする合併であって、合併により消滅する会社の権利義務の全部を合併後存続する会社に承継させるものをいいます。\n[会社計算規則の定義]\n次に掲げるものをいいます。\nイ.会社が他の会社とする合併であって、合併により消滅する会社の権利義務の全部を合併後存続する会社に承継させるもの\nロ.会社が会社以外の法人とする合併であって、合併後会社が存続するもの
か行,企業再編,吸収合併・新設合併,きゅうしゅうがっぺい・しんせつがっぺい,合併とは、2個以上の会社の契約により、その当事会社の一部または全部が解散・消滅してその財産が存続会社または新設会社に包括的に移転し、消滅会社の社員（＝株主）が存続会社または新設会社の社員（＝株主）になるという効果を生ずるものです。合併の場合はその他の解散の場合と異なり、解散する会社について清算手続をとることなく合併の登記によって消滅し、その財産が存続会社または新設会社に包括的に承継されます。\n吸収合併とは合併をなす会社の一方が合併後存続する場合をいい、合併により会社を設立する場合を新設合併といいます。実務上は手続の簡便さ等から吸収合併の方法による場合が多いようです。 
か行,会社法,吸収分割,きゅうしゅうぶんかつ,吸収分割とは、株式会社または合同会社がその事業に関して有する権利義務の全部または一部を分割後他の会社に承継させることをいいます。
か行,退職給付会計,給与基準,きゅうよきじゅん,退職給付見込額のうち、期末までに発生していると認められる額を見積もる方法の中で、給与基準とは、退職給付見込額のうち、全勤務期間における給与総支給額に対する各期の給与額の割合に基づいた額を各期の発生額とする方法をいいます。この方法は、退職給付見込額の期間配分方法としては原則的な方法ではありませんが、全勤務期間の給与額を体系的に定めていて、退職給付の算定基礎となる各期の給与額に各期の労働の対価が合理的に反映されていると認められる場合に認められる方法です。
か行,企業再編,共通支配下の取引,きょうつうしはいかのとりひき,共通支配下の取引とは、結合当事企業（又は事業）のすべてが、企業結合の前後で同一の株主により最終的に支配され、かつ、その支配が一時的ではない場合の企業結合をいい、親会社と子会社の合併及び子会社同士の合併は、共通支配下の取引に含まれます。
か行,企業再編,共同支配,きょうどうしはい,共同支配とは、複数の独立した企業が契約等に基づき、ある企業を共同で支配することをいいます。
か行,企業再編,共同事業要件,きょうどうじぎょうようけん,共同事業要件とは、税法上適格組織再編となる要件の一つです。会社が行う企業組織再編成の目的が、共同事業を行うことにある場合において、この共同事業要件を満たす企業組織再編であれば、企業グループ内の企業組織再編成と同様に適格組織再編として取り扱われます。
か行,会社法,近親者,きんしんしゃ,近親者とは、2親等内の親族をいいます。
か行,金融商品,金銭債務,きんせんさいむ,支払手形、買掛金、借入金および社債等、将来一定期日に他の企業に対し現金を引き渡す契約上の義務をいいます（金融商品実務指針216項）。 金融商品会計上は（負債としての社債を社債金額よりも低い価額または高い価額で発行した場合を除いて）原則として、債務額をもって貸借対照表価額とされます（金融商品会計基準第三.五）。
か行,会社法,金銭出資,きんせんしゅっし,金銭出資とは、金銭の払込みを行う出資の形態をいいます。
か行,会社法,金銭等,きんせんとう,金銭等とは、金銭その他の財産をいいます。
か行,金融商品,金銭の信託,きんせんのしんたく,金銭の信託とは、金銭を財産として委託する信託のことです。\n 委託者が受託者（信託銀行）に金銭を信託し、受託者がその金銭を、委託者またはその代理人（投資顧問会社等）の指示（運用対象、処分および時期等）に基づく金融商品（有価証券、預金、コールローン、デリバティブ等）等への投資・運用によって得られた収益の実績分配を行う信託契約をいいます。\n 金銭の信託は保有目的によって、運用目的、満期保有目的、その他に区分することができますが、一般に運用目的であると考えられています。運用を目的とする場合は、売買目的とみなして評価および会計処理を行います。
か行,連結,緊密な者,きんみつなもの,緊密な者とは、自己と出資、人事、資金、技術、取引等において緊密な関係があることにより自己の意思と同一の内容の議決権を行使すると認められる者をいいます。\n 緊密な者の判定は、両者の関係に至った経緯等を踏まえ、実質的に判断します。
か行,退職給付会計,勤務費用,きんむひよう,勤務費用とは、一期間の労働の対価として発生したと認められる退職給付のことをいい、割引計算によって計算されます。退職給付は、退職時または支給時に一時に発生するわけではなく、勤務期間を通じた労働の提供に伴って発生するものととらえられますので、その発生した各期間に費用を配分して、毎期費用として認識することが必要となります。こうして計算された、各期への費用の配分額が、勤務費用ということになります。その計算方法としては、将来の退職給付見込額のうち、当期に発生したと認められる額を一定の割引率と残存勤務期間に基づき割り引いて計算します。
か行,金融商品,金融資産,きんゆうしさん,現金、他の企業から現金若しくはその他の金融資産を受け取る契約上の権利、潜在的に有利な条件で他の企業とこれらの金融資産若しくは金融負債を交換する契約上の権利、または他の企業の株式その他の出資証券をいいます。 具体的には、現金預金、受取手形、売掛金および貸付金等の金銭債権、株式その他の出資証券および公社債等の有価証券並びにデリバティブ取引により生じる正味の債権等があげられます。
か行,金融商品,金融商品,きんゆうしょうひん,一方の企業に金融資産を生じさせ他の企業に金融負債を生じさせる契約および一方の企業に持分の請求権を生じさせ他の企業にこれに対する義務を生じさせる契約（株式その他の出資証券に化体表章される契約）をいいます。 
か行,金融商品,金融負債,きんゆうふさい,金融負債とは、他の企業に金融資産を引き渡す契約上の義務または潜在的に不利な条件で他の企業と金融資産もしくは金融負債（他の企業に金融資産を引き渡す契約上の義務）を交換する契約上の義務をいいます。 具体的には、支払手形、買掛金、借入金および社債等の金銭債務ならびにデリバティブ取引により生じる正味の債務等があります。
か行,会社法,議決権行使書面,ぎけつけんこうししょめん,議決権行使書面とは、株主総会の招集の通知に際して交付する株主が議決権を行使するための書面をいいます。
か行,会社法,議決権制限株式,ぎけつけんせいげんかぶしき,議決権制限株式とは、株主総会において議決権を行使することができる事項について制限のある種類の株式をいいます。
か行,企業再編,逆取得,ぎゃくしゅとく,逆取得とは、合併を例にとれば、消滅会社が取得企業となる企業結合をいい、企業結合の前後において、法形式的に支配を獲得した企業が、実質的に支配を獲得しないような企業結合をいいます。\n 株式交換の場合であれば、株式交換完全子会社が取得企業となる場合が逆取得であり、会社分割の場合であれば、事業を法人内部に吸収した分割承継会社が取得企業とならず、最終的に、分割会社が分割承継会社の支配を獲得する場合などが例としてあげられます。
か行,会社法,業務執行者,ぎょうむしっこうしゃ,業務執行者とは、次に掲げる者をいいます。\nイ.業務執行取締役、執行役その他の法人等の業務を執行する役員\nロ.業務を執行する社員、法人が業務を執行する社員である場合における当該業務を執行する社員の職務を行うべき者（会社法598）その他これに相当する者\nハ.使用人
か行,会社法,業務執行取締役,ぎょうむしっこうとりしまりやく,業務執行取締役とは、株式会社の次に掲げる取締役をいいます。\nイ.代表取締役\nロ.代表取締役以外の取締役であって取締役会の決議によって取締役会設置会社の業務を執行する取締役として選定されたもの\nハ.当該株式会社の業務を執行したその他の取締役
か行,会社法,銀行等,ぎんこうとう,銀行等とは、次に掲げる者をいいます。\nイ.銀行\nロ.信託会社\nハ.商工組合中央金庫\nニ.組合員の貯金または定期積金の受け入れの事業を行う農業協同組合または農業協同組合連合会\nホ.組合員(所属員)の貯金または定期積金の受け入れの事業を行う漁業協同組合、漁業協同組合連合会、水産加工業協同組合または水産加工業協同組合連合会\nヘ.信用協同組合または会員の預金または定期積金の受け入れの事業を行う協同組合連合会\nト.信用金庫または信用金庫連合会\nチ.労働金庫または労働金庫連合会\nリ.農林中央金庫
か行,包括利益,組替調整額,くみかえちょうせいがく,組替調整額とは、当期純利益を構成する項目のうち、当期又は過去の期間にその他の包括利益に含まれていた部分をいい、例として以下の金額が挙げられます。\n・その他有価証券評価差額金のうち、売却損益及び減損損失等として当期純利益に含められた金額\n・繰延ヘッジ損益のうち、ヘッジ対象に係る損益が認識されたことなどに伴って当期純利益に含められた金額\n・為替換算調整勘定のうち、子会社に対する持分の減少（全部売却及び清算を含む）に伴って取り崩されて当期純利益に含められた金額
か行,税金・税効果,繰越欠損金,くりこしけっそんきん,税務上、単年度の課税所得がマイナスとなり税務上の欠損金が生じた場合、その発生年度の翌期以降で繰越期限切れとなるまでの期間（「繰越期間」という）に課税所得が生じた場合には、課税所得を減額することができます。繰越欠損金とは、この制度により将来に繰り越す欠損金をいいます。\n 繰越欠損金は、繰越期間における課税所得から繰り越された欠損金を控除することにより、それに対応する税額が減少することから、一時差異に準じるものとして取り扱います。\nここで留意すべき点は、繰越欠損金が将来の税金減額効果を持つのは、繰越欠損金の繰越期間に課税所得（繰越欠損金控除前）が発生することが前提となることです。よって、繰越欠損金に係る繰延税金資産の計上にあたっては、その回収可能性を慎重に判断することが必要です。
か行,税金・税効果,繰延税金資産,くりのべぜいきんしさん,繰延税金資産とは、税効果会計において、一時差異に係る調整額を貸借対照表の資産または負債に計上しますが、その際、前払税金に相当する「将来の期間利益に対応すべき税額で当期に支払うべきもの」をいいます。\n 個別財務諸表において、貸借対照表に計上する場合には、流動・固定区分ごとに繰延税金負債とネット処理を行います。そのため、ネット後の残高が借方にある場合、「繰延税金資産」の項目で「流動資産」または「投資その他の資産」に計上されることになります。\n 一方、連結財務諸表においては、異なる納税主体に係る繰延税金資産、繰延税金負債をネットすることは認められていません。
か行,税金・税効果,繰延税金負債,くりのべぜいきんふさい,繰延税金負債とは、税効果会計において、一時差異に係る調整額を貸借対照表の資産または負債に計上しますが、その際、未払税金に相当する「当期の利益に対応すべき税額で将来支払うもの」をいいます。\n 個別財務諸表において、貸借対照表に計上する場合には、流動・固定区分ごとに繰延税金資産とネット処理を行います。そのため、ネット後の残高が貸方にある場合、「繰延税金負債」の項目で「流動負債」または「固定負債」に計上されることになります。\n 一方、連結財務諸表においては、異なる納税主体に係る繰延税金資産、繰延税金負債をネットすることは認められていません。
か行,金融商品,繰延ヘッジ処理,くりのべへっじしょり,繰延ヘッジ処理とは、ヘッジ会計を適用したヘッジ手段に係る損益又は評価差額から税効果相当分を控除した額を計上します。ヘッジ対象の損益が認識されるまでヘッジ手段の損益を認識せず、純資産の部に繰り延べられたもの。
か行,税金・税効果,繰延法,くりのべほう,繰延法とは、「会計上の収益または費用の金額と税務上の益金または損金の額に相違がある場合、その相違項目のうち、損益の期間帰属の相違に基づく差異（期間差異）について、発生した年度の当該差異に関する税金軽減額または税金負担額を差異が解消する年度まで貸借対照表上、繰延税金資産または繰延税金負債を計上」（個別実務指針33項）する税効果会計の方法です。\n 繰延法においては、企業会計と税務計算の差異のうち、会計上の収益または費用の金額と税務上の益金または損金の額との間の差異に焦点をあてます。\n 税効果会計基準が適用される前の税効果会計の実務では、主に繰延法が適用されていましたが、現在では、繰延法ではなく、資産負債法を採用しています。
か行,金融商品,クレジット・デリバティブ,くれじっと・でりばてぃぶ,債権の信用リスク（取引相手の倒産や契約不履行により債権等を回収できなくなる可能性）をスワップやオプションの形式で相対で売買する取引です。信用力を指標にして、将来に受け渡す損益を決めます。当事者が元本として定めた国や事業会社等の信用状態等を反映する利子率や価格に基づき金銭の支払を相互に約する契約や、当事者間で取り決めた者の信用状態等の発生（倒産等）に基づき金銭の支払もしくは金融資産の移転を相互に約する契約などがあります。
か行,金融商品,クロス取引,くろすとりひき,クロス取引とは、金融資産を売却した直後に同一の金融資産を購入した場合または金融資産を購入した直後に同一の金融資産を売却した場合で、譲渡人が譲受人から譲渡した金融資産を再購入または回収する同時の契約がある取引のことです。
か行,無形資産・ソフトウェア,クロス取引,くろすとりひき,クロス取引とは、複数の企業が互いに商品・製品等をクロスしていったん販売し合い、その後在庫を保有し合うケースをいいます。「情報サービス産業における監査上の諸問題について」（日本公認会計士協会・平成17年3月公表）において、ソフトウェアに係る取引で、問題が見受けられる事例の一つとして取り上げられています。
か行,退職給付会計,グルーピング,ぐるーぴんぐ,退職給付債務は、原則として個々の従業員ごとに計算することになっています。しかし、計算を簡略化するために、従業員を年齢、勤続年数、残存勤務期間、職系（人事コース）などによってグルーピングして、各グループごとに、標準的な数値を用いて退職給付債務を計算することも認められています。なお、グルーピングをして計算する場合には、計算された退職給付債務が、個々の従業員ごとに計算した場合と比較して重要な差異がないことが必要となります。
か行,会社法,計算関係書類,けいさんかんけいしょるい,計算関係書類とは、株式会社についての次に掲げるものをいいます。\nイ.成立の日における貸借対照表\nロ.各事業年度に係る計算書類およびその附属明細書\nハ.臨時計算書類\nニ.連結計算書類
か行,会社法,計算書類,けいさんしょるい,計算書類とは、次のイからハに掲げる会社の区分に応じ、当該イからハに定めるものをいいます。\nイ.株式会社の場合\n 貸借対照表、損益計算書、株主資本等変動計算書および個別注記表\nロ.合名会社および合資会社の場合\n(イ) 貸借対照表、(ロ) 当該会社が損益計算書、社員資本等変動計算書または個別注記表の全部または一部を作成するものと定めた場合における損益計算書、社員資本等変動計算書または個別注記表\nハ.合同会社の場合\n 　 貸借対照表、損益計算書、社員資本等変動計算書および個別注記表
か行,会社法,計算書類等,けいさんしょるいとう,計算書類等とは、次のイからハに掲げる会社の区分に応じ、当該イからハに定めるものをいいます。\nイ.株式会社の場合\n（イ）各事業年度に係る計算書類および事業報告\n（ロ）監査役設置会社（監査役の監査の範囲を会計に関するものに限定する旨の定款の定めがある株式会社を含む）または会計監査人設置会社の場合における監査報告または会計監査報告\nロ.合名会社および合資会社の場合\n（イ）貸借対照表\n（ロ）当該会社が損益計算書、社員資本等変動計算書または個別注記表の全部または一部を作成するものと定めた場合における損益計算書、社員資本等変動計算書または個別注記表\nハ.合同会社の場合\n 貸借対照表、損益計算書、社員資本等変動計算書および個別注記表\n\n[会社法第442条の定義]\n 次に掲げるものをいいます。\nイ.各事業年度に係る計算書類および事業報告ならびにこれらの附属明細書\n （監査役設置会社または会計監査人設置会社における監査報告または会計監査報告を含む） \nロ.臨時計算書類 （監査役設置会社または会計監査人設置会社における監査報告または会計監査報告を含む）
か行,リース,経済的耐用年数基準,けいざいてきたいようねんすうきじゅん,経済的耐用年数基準とは、ファイナンス・リース取引に該当するかをどうかを判断する際に、フルペイアウト要件を満たすか否かの判断基準の一つであり、解約不能のリース期間が、当該リース物件の経済的耐用年数のおおむね75パーセント以上であるかを判断します。ただし、リース物件の特性、経済的耐用年数の長さ、リース物件の中古市場の存在等を勘案すると、現在価値基準の判定結果が90パーセントを大きく下回ることが明らかな場合を除きます。
か行,会社法,決算公告,けっさんこうこく,決算公告とは、定時株主総会の終結後、遅滞なく行われる貸借対照表等の公告をいいます。
か行,工事契約,決算日における工事進捗度,けっさんびにおけるこうじしんちょくど,決算日における工事進捗度とは、工事契約に含まれている施工者の履行義務全体のうち、決算日までに遂行した部分の割合をいいます。工事進捗度を合理的に反映する方法としては、広く適用可能な原価比例法が挙げられますが、工事契約の内容によっては、原価比例法以外の方法（直接作業時間比率や施工面積比率など）をより合理的な見積方法として適用することができます。
か行,無形資産・ソフトウェア,研究及び開発,けんきゅうおよびかいはつ,研究とは、新しい知識の発見を目的とした計画的な調査及び探究のことをいいます。また開発とは、新しい製品等についての計画もしくは設計又は既存の製品等を著しく改良するための計画もしくは設計として、研究の成果その他の知識を具体化することをいいます。研究開発費は、全て発生時に費用（通常は一般管理費）として処理する必要があります。
か行,金融商品,建設協力金,けんせつきょうりょくきん,建物建設時に消費寄託する建物等の賃貸に係る預託保証金で、契約に定めた期日に預託金受入企業が現金を返還し差入企業がこれを受け取る契約です。敷金との違いは、敷金は、賃料および修繕の担保的性格を有し貸借契約満了時が償還期限であり、法的にはこの時点で返還請求権が発生すると解され、通常無金利である点にあります。
か行,工事契約,原価比例法,げんかひれいほう,原価比例法とは、決算日における工事進捗度を見積る方法のうち、決算日までに実施した工事に関して発生した工事原価が工事原価総額に占める割合をもって決算日における工事進捗度とする方法をいいます。
か行,リース,現在価値基準,げんざいかちきじゅん,現在価値基準とは、ファイナンス・リース取引に該当するかどうかを判断する際に、フルペイアウト要件を満たすか否かの判断基準の一つであり、解約不能のリース期間中のリース料総額の現在価値が、当該リース物件を借手が現金で購入するものと仮定した場合の合理的見積金額（見積現金購入価額）のおおむね90パーセント以上であるかを判断します。
か行,退職給付会計,原則法（退職給付）,げんそくほう（たいしょくきゅうふ）,小規模企業等に対して認められている簡便法に対して、退職給付に係る会計基準等で規定されている原則的な方法を原則法といいます。原則法では、将来の退職給付の見込み額のうち、認識時点までに発生していると認められる額を割り引いて計算した退職給付債務を用いて、退職給付引当金及び退職給付費用を計上します。
か行,金融商品,減損処理,げんそんしょり,減損処理とは、評価差額が損益に計上される売買目的有価証券以外の有価証券において、時価または実質価額の著しい下落により、当該時価または実質価額を翌期首の取得原価とするために、取得原価を強制的に切下処理し、当該切下額を損益計算書で損失として処理することをいいます。
か行,会社法,現物出資,げんぶつしゅっし,現物出資とは、金銭以外の財産をもって払込みに代える出資の形態をいいます。
か行,会社法,公開会社,こうかいがいしゃ,公開会社とは、その発行する全部または一部の株式の内容として譲渡による当該株式の取得について株式会社の承認を要する旨の定款の定めを設けていない株式会社をいいます。
か行,会社法,公告方法,こうこくほうほう,公告方法とは、会社(外国会社を含む)が公告（※）をする方法をいいます。\n（※）会社法または他の法律の規定により官報に掲載する方法によりしなければならないものとされているものを除きます。
か行,工事契約,工事完成基準,こうじかんせいきじゅん,工事完成基準とは、工事契約に関して、工事が完成し、目的物の引き渡しを行った時点で、工事収益及び工事原価を認識する方法をいいます。
か行,工事契約,工事契約,こうじけいやく,「工事契約に関する会計基準」における工事契約とは、仕事の完成に対して対価が支払われる請負契約のうち、土木、建築、造船や一定の機械装置の製造等、基本的な仕様や作業内容を顧客の指図に基づいて行うものをいい、受注制作のソフトウエアについても工事契約に準じて本会計基準が適用されます。
か行,工事契約,工事契約に係る認識基準,こうじけいやくにかかるにんしききじゅん,工事契約に係る認識基準とは、工事契約に関して工事収益及び工事原価を認識するための基準をいい、工事進行基準と工事完成基準とがあります。工事の進行途上においても、その進捗部分について成果の確実性が認められる場合には工事進行基準を適用し、この要件を満たさない場合には工事完成基準を適用します。
か行,工事契約,工事原価総額,こうじげんかそうがく,工事原価総額とは、工事契約において定められた施工者の義務を果たすための支出の総額をいい、施工者が目的物を完成し顧客に引き渡す義務を負っている場合には、引き渡しの作業に要する原価も含まれます。また工事原価は、原価計算基準に従って適正に算定されたものを指します。
か行,工事契約,工事収益総額,こうじしゅうえきそうがく,工事収益総額とは、工事契約において定められた、施工者が受け取る対価の総額をいいます。
か行,工事契約,工事進行基準,こうじしんこうきじゅん,工事進行基準とは、工事契約に関して、工事収益総額、工事原価総額及び決算日における工事進捗度を合理的に見積り、これに応じて当期の工事収益及び工事原価を認識する方法をいいます。
か行,工事契約,工事損失引当金,こうじそんしつひきあてきん,工事損失引当金とは、工事損失の発生可能性が高く、かつその金額を合理的に見積ることができる場合において、工事損失から、当該工事契約に関してすでに計上された損益の額を控除した残額について計上される引当金をいいます。また工事損失とは、工事原価総額等（工事原価総額のほか、販売直接経費がある場合にはその見積額を含む）が工事収益総額を超過することが見込まれる額をいいます。\n工事損失引当金の取扱いは、工事進行基準か工事完成基準かにかかわらず、また工事の進捗の程度にかかわらず適用されます。
か行,退職給付会計,公正な評価額,こうせいなひょうかがく,年金資産の額は期末における公正な評価額により計算することとされています。公正な評価額とは、いわゆる時価のことですが、資産取引に関し十分な知識と情報を有する売り手と買い手が自発的に相対取引するときの価格によって資産を評価した額をいいます。したがって、厚生年金基金制度における数理的評価額は、公正な評価額には該当しません。
か行,ストック・オプション,（ストック・オプションの）公正な評価額,こうせいなひょうかがく,公正な評価額とは、一般に、市場において形成されている取引価格、気配値、または指標その他の相場に基づく価額を言います。市場価格がない場合でも、当該ストック・オプションの原資産である自社の株式の市場価格に基づき、合理的に算定された価額を入手できるときには、その合理的に算定された価額は公正な評価額と認められます。
か行,退職給付会計,厚生年金,こうせいねんきん,厚生年金とは、国の年金制度のうち事業所で働く人が加入する保険をいいます。厚生年金保険に加入する場合は、同時に国民年金にも加入することになります。厚生年金保険に加入している場合には、国民年金から老齢基礎年金（定額部分）を受け取り、厚生年金保険から老齢厚生年金（報酬比例部分）を上乗せして受け取ることになっています。
か行,退職給付会計,厚生年金基金,こうせいねんきんききん,国の年金制度である厚生年金保険、国民年金は、老後の生活を保障することを目的とした制度ですが、高齢化社会が進む中で、国の年金制度から受けられる年金額は、一定限度に抑えられてしまう状況にあります。こうした中で、厚生年金基金とは、各企業が国の年金制度に上積みして制度を設けて、年金をより多く受けられるようにした制度をいいます。厚生年金基金制度に参加する企業で働く人は、厚生年金保険と厚生年金基金の両方に加入することになります。
か行,退職給付会計,厚生年金基金の代行部分,こうせいねんきんききんのだいこうぶぶん,厚生年金基金は、老齢厚生年金のうち報酬の再評価による差額部分と物価スライド分を除く部分を代行し、さらに厚生年金基金独自の年金を加算することになっています。このように、厚生年金基金が厚生年金保険の一部を代行するような仕組みとなっているのは、厚生年金基金が運用する資産の規模を大きくすることにより、より効率的で安定した資産運用が可能となるためです。
か行,退職給付会計,厚生年金基金の代行部分返上（代行返上）,こうせいねんきんききんのだいこうぶぶんへんじょう（だいこうへんじょう）,従来、厚生年金基金は厚生年金保険の一部を代行する仕組みとなっていましたが、確定給付企業年金法の施行により、厚生労働大臣の認可を受けることによって、代行部分に係る権利義務を国へ移転することが可能となりました。
か行,連結,子会社の資産および負債の評価,こがいしゃのしさんおよびふさいのひょうか,他の会社の支配を獲得することにより、新規連結となることも企業結合であることから、パーチェス法の適用として、新たに連結子会社となった会社の資産及び負債を時価評価することになります。この、新規連結に際して公正価値による資産・負債の評価のことを、子会社の資産・負債の評価といいます。
か行,税金・税効果,固定資産の減損,こていしさんのげんそん,固定資産の減損とは、資産の収益性の低下により投資額の回収が見込めなくなった状態であり、減損処理とは、そのような場合に、一定の条件の下で回収可能性を反映させるように帳簿価額を減額する会計処理をいいます。\n このような減損損失は、税務上損金算入が認められないと考えられるため、将来減算一時差異が認識されることになります。この将来減算一時差異に係る繰延税金資産の回収可能性については、他の将来減算一時差異と同様に監査委員会報告第66号「繰延税金資産の回収可能性の判断に関する監査上の取扱い」に従って検討および判断することになりますが、減損損失に係る将来減算一時差異は、解消までに長期間を要する可能性が高いこと、また、事業として使用している固定資産であることから監査委員会報告第70号「その他有価証券の評価差額及び固定資産の減損損失に係る税効果会計の適用における監査上の取扱い」に留意事項が定められています。
か行,棚卸資産,個別法,こべつほう,個別法は、棚卸資産の評価方法の一つで、取得原価の異なる棚卸資産を区別して記録し、その個々の実際原価によって期末棚卸資産の価額を算定する方法をいいます。個別法は、個別性が強い棚卸資産の評価に適した方法です。
か行,無形資産・ソフトウェア,コンテンツ,こんてんつ,ソフトウェアがコンピュータに一定の仕事を行わせるプログラム等であるのに対して、コンテンツとはその処理対象となる電子データである情報の内容をいいます。コンテンツの例としては、データベースソフトウェアが処理対象とするデータや、映像・音楽ソフトウェアが処理対象とする画像・音楽データ等をあげることができます。身近なものでは、携帯電話のいわゆる着信メロディやデジタルカメラで撮影した画像もコンテンツといえましょう。\n 実務指針では、ソフトウェアとコンテンツとは別個の経済価値をもつものと考え、また、それぞれの会計慣行があることから、ソフトウェアにコンテンツを含めないことを明らかにしています。したがって、ソフトウェアとコンテンツは、原則として別個のものとして会計処理することになります。しかし、ゲームソフトなどソフトウェアとコンテンツが経済的、機能的に一体不可分と認められるような場合には、両者を一体として取り扱うことも認めています。コンテンツは、その性格に応じて関連する会計処理慣行に準じて処理すべきものと考えられます。
か行,企業再編,合弁事業,ごうべんじぎょう,合弁事業とは、一般的にある特定の目的のために複数の会社が共同で出資して合弁会社を設立して行う事業です。合弁事業は資本提携や業務提携と同様に事業共同化の1つであり、単独事業よりも事業が失敗したときのリスクや開発等にかかる資金負担が少なくすむ一方で、利益はそれを出資者間でシェアします。
か行,過年度遡及,誤謬,ごびゅう,誤謬とは、原因となる行為が意図的であるか否かにかかわらず、財務諸表作成時に入手可能な情報を使用しなかったことによる、又はこれを誤用したことによる、次のような誤りをいいます。\n（1）　財務諸表の基礎となるデータの収集又は処理上の誤り\n（2）　事実の見落としや誤解から生じる会計上の見積りの誤り\n（3）　会計方針の適用の誤り又は表示方法の誤り \n過去の財務諸表における誤謬が発見された場合には、修正再表示が必要となります。
さ行,セグメント情報,最高経営意思決定機関,さいこうけいえいいしけっていきかん,最高経営意思決定機関とは、企業の事業セグメントに資源を配分し、その業績を評価する機能を有する主体をいい、取締役会、執行役員会議といった会議体である場合や、最高経営責任者（CEO）又は最高執行責任者（COO）といった個人である場合などが考えられます。 
さ行,棚卸資産,最終仕入原価法,さいしゅうしいれげんかほう,最終仕入原価法は、棚卸資産を期末から最も近い時に取得した1単位当たりの取得価額をもって評価する方法です。改定棚卸資産会計基準においては、最終仕入原価法は、棚卸資産の評価方法として定めていません。しかし期末棚卸資産の大部分が最終の仕入価格で取得されている場合や、期末棚卸資産に重要性が乏しい場合においてのみ容認されます。
さ行,会社法,最終事業年度,さいしゅうじぎょうねんど,最終事業年度とは、各法規において次のように定義されています。\n[会社法の定義]\n各事業年度に係る計算書類につき定時株主総会の承認（会社法438②）（※）を受けた場合における当該各事業年度のうち最も遅いものをいいます。\n[会社法施行規則および会社計算規則の定義]\n次のイまたはロに掲げる会社の区分に応じ、当該イまたはロに定めるものをいいます。\nイ.株式会社の場合　上記会社法の定義と同じ。 \nロ.持分会社の場合　各事業年度に係る計算書類を作成した場合における当該各事業年度のうち最も遅いものをいいます。 \n[会社計算規則158①]\n次のイからハに掲げる区分に応じ、当該イからハに定めるものをいいます。\nイ. 株主総会の承認等（会社法441④、③）を受けた臨時計算書類がある場合　臨時決算日の属する事業年度の初日から臨時決算日までの期間（会社法441① 二）（当該期間が2以上ある場合にあってはその末日が最も遅いもの） \nロ. 上記イ以外の場合で各事業年度に係る計算書類につき定時株主総会の承認（会社法438②）（※）を受けたものがない場合　成立の日 \nハ. 上記イおよびロ以外　上記会社法の定義と同じ。 \n（※）定時株主総会へ報告する場合（会社法439前段）にあっては、取締役会の承認（会社436③）。
さ行,無形資産・ソフトウェア,最初に製品化された製品マスター,さいしょにせいひんかされたせいひんますたー,最初に製品化された製品マスターとは、市場販売目的のソフトウェアにおいて、製品番号を付すことなどにより販売の意思が明らかにされた製品マスターのことをいいます。最初に製品化された製品マスターの完成時点までの制作活動は研究開発と考えられるため、ここまでに発生した費用は研究開発費として費用処理し、これ以降の費用は無形固定資産に計上します。\nなお、最初に製品化された製品マスターの完成時点は、具体的には次の2点によって判断することになります。\n（1）製品性を判断できる程度のプロトタイプが完成していること \n（2）プロトタイプを制作しない場合は、製品として販売するための重要な機能が完成しており、かつ、重要な不具合を解消していること 
さ行,棚卸資産,再調達価額,さいちょうたつかがく,再調達原価とは、購買市場と売却市場とが区別される場合における購買市場の時価に、購入に付随する費用を加算したものをいいます。
さ行,会社法,最低責任限度額,さいていせきにんげんどがく,最低責任限度額とは、役員等が職務を行うにつき善意でかつ重大な過失のないときに賠償の責任を負う額から控除される額であり、次のイとロで算出される額をいいます。\nイ.次の（イ）と（ロ）の合計額に（※2）の①から③まで掲げる役員の区分に応じ、当該①から③ までに定める数を乗じて得た額 \n（イ）役員等に支払われる財産上の利益の額（※1）について各事業年度等ごとの1年当たりの金額のうち最も高い額 \n（ロ）退職慰労金等の額を当該役員等がその職についていた年数で除した額（※2） \nロ.当該役員等が有利な方法（会社法238 ③）で当該株式会社の新株予約権を引き受けて、新株予約権を行使した場合または新株予約権を売却した場合において当該新株予約権に関する財産上の利益に相当する額として算定される額（※3） \n（※1）職務執行の対価(退職慰労金等を除き、使用人兼務役員の使用人部分を含む)として役員等に支払われる財産上の利益 \n（※2）次に定める数が当該年数を超えている場合には当該数\n①代表取締役または代表執行役　6\n②代表取締役以外の取締役（社外取締役を除く）、代表執行役以外の執行役　4\n③社外取締役、会計参与、監査役または会計監査人　2 \n（※3）具体的には会社法施行規則第114条に定めがあります。 
さ行,企業再編,債務超過会社,さいむちょうかがいしゃ,負債の総額が資産の総額を上回っており、純資産がマイナスとなっている状態をいいます。
さ行,リース,再リース,さいりーす,再リースとは、契約に基づいて当初のリース期間の満了後も当該リース資産の使用収益を継続することをいい、一般的には、1年契約で、年額基本リース料の12分の1程度の再リース料を支払うことが更新事項として契約に盛り込まれていることが多いです。\nわが国では、再リース期間は1年以内とするのが通常であり、再リース料も少額であるのが一般的であることから、リース契約時から借手が再リースを行う意思が明らかな場合を除き、再リース料は、原則として、発生時の費用として処理することとされています。
さ行,棚卸資産,先入先出法,さきいれさきだしほう,先入先出法は、棚卸資産の評価方法の一つで、最も古く取得されたものから順次払い出しが行われ、期末棚卸資産は最も新しく取得されたものからなると見なして期末棚卸資産の価額を算定する方法です。
さ行,金融商品,先物取引,さきものとりひき,先物取引とは、証券取引所等の定める基準および方法に従い取引所市場で行われる次に掲げる取引および外国取引所市場において行われる次に掲げる取引に類似する取引をいいます。\n（1）取引の当事者が将来の一定の時期において有価証券、通貨等または商品（以下、有価証券等）およびその対価を授受する売買であって、当該売買の目的となっている有価証券等の転売または買戻しをしたときは差金の授受によって決済することができる取引。\n（2）有価証券指数、金融指標または商品指数（以下、有価証券指数等）の数値として取引の当事者があらかじめ約定する数値と将来の一定の時期における現実の有価証券指数等の数値の差に基づいて算出される金銭の授受を約する取引。\n（3）有価証券または商品の価格として取引の当事者があらかじめ約定する数値と将来の一定の時期における現実の当該有価証券または商品の価格の差に基づいて算出される金銭の授受を約する取引。 
さ行,金融商品,先渡取引,さきわたしとりひき,先渡取引とは、為替予約取引、金利先渡取引、為替先渡取引、その他取引所市場および外国取引所市場以外において行われる次に掲げる取引をいいます。\n（1）取引の当事者が将来の一定の時期において有価証券およびその対価を授受する売買であって、当該売買の目的となっている有価証券の売戻しまたは買戻しをしたときは差金の授受によって決済することができる取引。 \n（2）有価証券店頭指数または金融指標または商品指数（以下、有価証券店頭指数等）として取引の当事者があらかじめ約定する数値と将来の一定の時期における現実の有価証券店頭指数等の数値の差に基づいて算出される金銭の授受を約する取引。 \n（3）取引の当事者があらかじめ有価証券の価格として約定する数値と将来の一定の時期における現実の当該有価証券の価格の数値の差に基づいて算出される金銭の授受を約する取引。 \n（4）上記（1）から（3）までに掲げる取引で先物取引に類似する取引。 
さ行,外貨建・在外子会社,在外子会社等の財務諸表項目の換算,ざいがいこがいしゃとうのざいむしょひょうこうもくのかんさん,在外子会社等の財務諸表項目の換算とは、以下の手順でなされます。\n（1）損益計算書を原則として期中平均レート、例外として決算日レートにより円貨に換算し、円建当期純利益を算出します。 \n（2）損益計算書から算出された当期純利益を株主資本等変動計算書に計上し、期末利益剰余金残高を算出します。 \n（3）貸借対照表を決算日レートにより円換算するとともに、株主資本等変動計算書で求められた期末利益剰余金残高を、貸借対照表に計上します。通常は、貸借対照表の貸借が一致しないため、調整項目として為替換算調整勘定を、純資産の部の内訳項目として計上します。 
さ行,外貨建・在外子会社,在外支店の財務諸表項目の換算,ざいがいしてんのざいむしょひょうこうもくのかんさん,在外支店の財務諸表項目の換算とは、以下の手順でなされます。\n（1）貸借対照表項目を、取得時あるいは決算時レートを用いて円貨に換算し、貸借の差額を支店の当期純利益とします。\n（2）損益計算書項目を、取得時あるいは期中平均レートを用いて円貨に換算し、損益計算書から仮の当期純利益を算出します。その当期純利益と、（1）でもとめられた当期純利益との差額は、当期の為替差損益として処理します。\nその結果、（2）で求めた仮の当期純利益に為替差損益を加減したものが、（1）で算出した当期純利益と一致することになります。
さ行,退職給付会計,財政再計算,ざいせいさいけいさん,企業年金制度の掛金については、一定の基礎率を前提として計算していますが、一定期間ごとに年金財政全般を検討して基礎率を見直し、その基礎率に基づいて新たに掛金を定める必要があります。財政再計算とは、この仕組みをいいます。
さ行,退職給付会計,財政方式,ざいせいほうしき,財政方式とは、年金制度において、年金給付をまかなうために必要な財源をどのように調達して、年金の給付を行っていくかという資金の調達方法をいいます。財政方式の代表的なものとしては、積立方式、賦課方式などがあります。
さ行,金融商品,財務構成要素アプローチ,ざいむこうせいようそあぷろーち,財務構成要素アプローチとは、金融資産を構成する財務的要素の一部に対する支配が第三者に移転した場合に、当該移転した財務構成要素の消滅を認識し、留保される財務構成要素の存続を認識する方法です。
さ行,過年度遡及,財務諸表の組替え,ざいむしょひょうのくみかえ,財務諸表の組替えとは、新たな表示方法を過去の財務諸表にさかのぼって適用していたかのように表示を変更することをいいます。
さ行,リース,残価保証,ざんかほしょう,残価保証とは、リース契約において、リース期間終了時に、リース物件の処分価額が契約上取り決めた保証価額に満たない場合、借手に対して、その不足額を貸手に支払う義務が課せられる条件をいいます。リース契約上に残価保証の取り決めがある場合は、残価保証額をリース料総額に含めます。
さ行,無形資産・ソフトウェア,残存有効期間,ざんぞんゆうこうきかん,会計基準および実務指針においては、残存有効期間そのものの定義はありませんが、この用語が用いられている箇所が市場販売目的のソフトウェアに関する箇所に限られていることから、残存有効期間とは、一定時点において将来に向かって残されている販売可能な有効期間を示しているものと考えられます。なお、市場販売目的のソフトウェアに関して、当初における販売可能な有効期間の見積りは、実務指針において３年以内の年数とされ、３年を超える年数とするときには、合理的な根拠に基づくことが必要であるとされています。なお、市場販売目的のソフトウェアの見込有効期間は重要な会計方針の構成要素として開示が求められています。
さ行,退職給付会計,支給倍率基準,しきゅうばいりつきじゅん,支給倍率基準とは、退職給付見込額のうち、期末までに発生していると認められる額を見積もる方法の中で、退職給付見込額のうち、全勤務期間における支給倍率に対する各期の支給倍率の増加額の割合に基づいた額を各期の発生額とする方法をいいます。一般的に、支給倍率を基準とする方法を用いることは適当ではありませんが、支給倍率の増加が各期の労働の対価を合理的に反映していると認められる場合には、この方法を用いることができます。
さ行,資産除去債務,資産除去債務,しさんじょきょさいむ,資産除去債務とは、有形固定資産の取得、建設、開発又は通常の使用によって生じ、当該有形固定資産の除去に関して法令又は契約で要求される法律上の義務及びそれに準ずるものをいいます。\n「法律上の義務及びそれに準ずるもの」には、有形固定資産を除去する義務のほか、有形固定資産の除去そのものは義務でなくとも、有形固定資産を除去する際に当該有形固定資産に使用されている有害物質等を法律等の要求による特別の方法で除去するという義務も含まれます。
さ行,税金・税効果,資産負債法,しさんふさいほう,資産負債法とは、「会計上の資産または負債の金額と税務上の資産または負債の金額との間に差異があり、会計上の資産または負債が将来回収または決済されるなどにより当該差異が解消されるときに、税金を減額または増額させる効果がある場合に、当該差異（一時差異）の発生年度にそれに対する繰延税金資産または繰延税金負債を計上」する税効果会計の方法です。\n 資産負債法においては、企業会計と税務計算の差異のうち、会計上の資産または負債の金額と税務上の資産または負債の金額との間の差異に焦点を当てます。\nまた、繰延税金資産または繰延税金負債を計上するのは、一時差異が解消されるときに、税金を減額または増額させる効果がある場合に限っています。よって、資産負債法の適用にあたっては、将来における税金を減額または増額させる効果（繰延税金資産の回収可能性または繰延税金負債の支払可能性）を検討することが重要となります。
さ行,会社法,市場取引等,しじょうとりひきとう,市場取引等とは、次に掲げるものをいいます。\nイ.市場において行う取引\nロ.公開買付けの方法 （金商法27の2①）
さ行,無形資産・ソフトウェア,市場販売目的のソフトウェア,しじょうはんばいもくてきのそふとうえあ,市場販売目的のソフトウェアとは、不特定多数のユーザー向けに開発・販売されるソフトウェアをいいます。
さ行,無形資産・ソフトウェア,システム仕様書,しすてむしようしょ,システム仕様書とは、一般にシステムの仕様の概要や明細を記した書類の総称です。システム機能仕様書、データ要求仕様書、サブシステム仕様書、ファイル仕様書、データベース仕様書、プログラム仕様書、テスト計画仕様書など、その目的、作成される（開発）段階、様式、内容は多岐に及びます。システム仕様書においては、作成目的を明確にすること、システムにかかわるすべての人々の共通理解が得られるものであることが肝要です。\nなお、会計基準においては、システム仕様書は、フローチャート等と同じくソフトウェアの範囲に含まれます。
さ行,無形資産・ソフトウェア,システム設計,しすてむせっけい,システム設計とは、実現したい業務が、コンピュータシステムとして整合性をもった全体構造になるよう設計していく作業をいいます。開発規模によっては、システム全体をより小さなシステム（＝サブシステム）に分割してから設計することもあります。
さ行,無形資産・ソフトウェア,システム調査,しすてむちょうさ,システム調査とは、業務をコンピュータシステム化するにあたり、業務処理の手続きや対象物、相関関係を明確にしていく作業をいいます。この作業で業務の流れから曖昧さを廃し、データ構造を明確化し、各種処理・データの相関関係が確認されていきます。
さ行,企業再編,資本還元率,しほんかんげんりつ,企業評価の方法として収益還元方式を採用する場合、平均収益額を資本還元率で除して企業価値を求めます。資本還元率は、市場金利・長期国債利回り・評価対象会社の調達金利等をもとにこれに危険率を加味して決定されますが、危険率の決定に際しては評価対象会社の規模・業種・経営環境・市場動向・カントリーリスク等を総合的に判断して決定します。
さ行,会社法,資本金等増加限度額,しほんきんとうぞうかげんどがく,資本金等増加限度額とは、設立または株式の発行に際して株主となる者が当該株式会社に対して払い込みまたは給付をした財産の額をいいます。
さ行,株主資本等変動計算書,資本剰余金,しほんじょうよきん,資本剰余金とは、資本性の剰余金のことであり、資本準備金と資本準備金以外の資本剰余金（その他資本剰余金）に区分されます。
さ行,会社法,資本剰余金配当割合,しほんじょうよきんはいとうわりあい,資本剰余金配当割合とは、次のイからハの額の合計額（会社法446六）のうち、株式会社がその他の資本剰余金から減ずるべき額と定めた額（計算規則22①イ）の割合をいいます。\nイ.配当財産の帳簿価額の総額（※）（会社法454 ①一）\nロ.金銭分配請求権を行使した株主に交付した金銭の額の合計額（会社法454 ④一）\nハ.基準未満株式の株主に支払った金銭の額の合計額（会社法456）\n（※）金銭分配請求権（会社法454 ④一）を行使した株主に割り当てた当該配当財産の帳簿価額を除きます。
さ行,会社法,資本等金額,しほんとうきんがく,資本等金額とは、資本金の額および準備金の額の合計額をいいます。
さ行,退職給付会計,死亡率,しぼうりつ,死亡率とは、従業員の在職中および退職後における年齢ごとの死亡発生率のことをいいます。在職中の従業員については、死亡により退職する可能性を考慮することが必要になります。また、退職後の従業員については、死亡により年金受給資格がなくなる可能性を考慮する必要があります。そのために、死亡率は退職給付債務の計算に必要な基礎率の１つとなります。この死亡率は、事業主の所在国における全人口の生命統計表等を基に合理的に算定します。
さ行,会社法,社外監査役,しゃがいかんさやく,社外監査役とは、株式会社の監査役であって、過去に当該株式会社またはその子会社の取締役、会計参与（※）もしくは執行役または支配人その他の使用人となったことがないものをいいます。\n（※） 会計参与が法人であるときは、その職務を行うべき社員。
さ行,会社法,社外取締役,しゃがいとりしまりやく,社外取締役とは、株式会社の取締役であって、当該株式会社またはその子会社の業務執行取締役もしくは執行役または支配人その他の使用人ではなく、かつ、過去に当該株式会社またはその子会社の業務執行取締役もしくは執行役または支配人その他の使用人となったことがないものをいいます。 
さ行,会社法,社外取締役等,しゃがいとりしまりやくとう,社外取締役等とは、社外取締役、会計参与、社外監査役または会計監査人をいいます。
さ行,会社法,社外役員,しゃがいやくいん,社外役員とは、会社役員のうち、次のイおよびロのいずれにも該当する者をいいます。\nイ.当該会社役員が社外取締役または社外監査役であること \nロ.当該会社役員が次のいずれかの要件に該当すること \n（イ）当該会社役員が、特別取締役による議決に関する要件(会社法373①二)、各委員会の委員に関する要件(会社法400③)、損害賠償責任の一部免除に関する要件(会社法425①一ハ)または責任限定契約に関する要件(会社法427①)の社外取締役であるものであること \n（ロ）当該会社役員が、監査役会設置会社に関する要件(会社法335③)または責任限定契約に関する要件(会社法427①)の社外監査役であるものであること \n（ハ）当該会社役員を当該株式会社の社外取締役または社外監査役であるものとして計算関係書類、事業報告、株主総会参考書類その他当該株式会社が法令その他これに準ずるものの規定に基づき作成する資料に表示していること 
さ行,会社法,社債,しゃさい,社債とは、会社法の規定により会社が行う割り当てにより発生する当該会社を債務者とする金銭債権であって、一定の事項（会社法676各号）に掲げる事項についての定めに従い償還されるものをいいます。
さ行,会社法,社債等,しゃさいとう,社債等とは、社債および新株予約権をいいます。
さ行,企業再編,収益還元方式,しゅうえきかんげんほうしき,評価対象企業の平均収益額を適正な資本還元率で除して企業価値を評価し、これを発行済株式数で除して1株当たりの株価を算定する方法です。
さ行,棚卸資産,収益性の低下に基づく簿価切下げ,しゅうえきせいのていかにもとづくぼかきりさげ,収益性の低下に基づく簿価切下げとは、取得原価基準の下で回収可能性を反映させるように、過大な帳簿価額を減額し将来に損失を繰り延べないために行われる会計処理をいいます。このように収益性の低下の観点から、経済的な劣化による収益性の低下と、市場の需給変化に基づく正味売却価額の下落による収益性の低下を区分せず、簿価切下げの要因としています。
さ行,金融商品,修正受渡日基準,しゅうせいうけわたしびきじゅん,修正受渡日基準とは、有価証券等の売買契約について、買手においては約定日では有価証券等自体の発生を認識せず、約定日から受渡日までの時価の変動のみを認識する方法をいい、売手においては約定日では有価証券等自体の消滅を認識せず、売却損益のみを約定日に認識する方法をいいます。
さ行,過年度遡及,修正再表示,しゅうせいさいひょうじ,修正再表示とは、過去の財務諸表における誤謬の訂正を財務諸表に反映することをいいます。
さ行,セグメント情報,集約基準,しゅうやくきじゅん,集約基準とは、複数の事業セグメントを1つの事業セグメントに集約できる基準をいい、次の要件のすべてを満たす必要があります。\n（1）当該事業セグメントを集約することが、セグメント情報を開示する基本原則と整合していること \n（2）当該事業セグメントの経済的特徴が概ね類似していること \n（3）当該事業セグメントの次のすべての要素が概ね類似していること \n①製品及びサービスの内容 \n②製品の製造方法又は製造過程、サービスの提供方法 \n③製品及びサービスを販売する市場又は顧客の種類 \n④製品及びサービスの販売方法 \n⑤銀行、保険、公益事業等のような業種に特有の規制環境 
さ行,企業再編,取得,しゅとく,取得とは、企業結合において、ある企業が他の企業又は企業を構成する事業に対する支配を獲得することをいいます。
さ行,金融商品,取得原価主義,しゅとくげんかしゅぎ,資産を評価するに際し、取得した時点で支払った対価をもとに評価する会計です。\n 取得原価主義は数値の客観性を確保できる反面、含み損益については財務諸表に顕在化させていませんでした。また、急速に拡大しているデリバティブ取引についても決済されるまで取引の実態が会計に反映されていませんでした。
さ行,連結,取得後剰余金,しゅとくごじょうよきん,取得後剰余金とは、連結子会社の支配獲得後に生じた子会社の利益剰余金のうち、親会社持分に属する部分をいいます。
さ行,会社法,取得条項付株式,しゅとくじょうこうつきかぶしき,取得条項付株式とは、株式会社がその発行する全部または一部の株式の内容として当該株式会社が一定の事由が生じたことを条件として当該株式を取得することができる旨の定めを設けている場合における当該株式をいいます。
さ行,会社法,取得条項付新株予約権,しゅとくじょうこうつきしんかぶよやくけん,取得条項付新株予約権とは、一定の事由が生じた日に当該株式会社がその新株予約権を取得する旨およびその事由(会社法236①七イ)についての定めがある新株予約権をいいます。
さ行,会社法,取得請求権付株式,しゅとくせいきゅうけんつきかぶしき,取得請求権付株式とは、株式会社がその発行する全部または一部の株式の内容として株主が当該株式会社に対して当該株式の取得を請求することができる旨の定めを設けている場合における当該株式をいいます。
さ行,会社法,主要株主,しゅようかぶぬし,主要株主とは、自己または他人の名義をもって当該株式会社の総株主の議決権の総数の100分の10以上の議決権（※）を保有している株主をいいます。\n（※）信託業を営む者が信託財産として所有する株式等（計算規則112④六イ～ハ）の株式に係る議決権を除きます。
さ行,会社法,種類株式,しゅるいかぶしき,種類株式とは、一般的に、普通株式と比較して権利内容の異なる株式のことをいいます。ただ、会社法上の用語ではなく、会社法では普通株式も1つの種類の株式という扱いになります。
さ行,会社法,種類株式発行会社,しゅるいかぶしきはっこうがいしゃ,種類株式発行会社とは、剰余金の配当その他の一定の事項（会社法108①）について内容の異なる2以上の種類の株式を発行する株式会社をいいます。
さ行,会社法,種類株主,しゅるいかぶぬし,種類株主とは、種類株式発行会社におけるある種類の株式の株主をいいます。
さ行,会社法,種類株主総会,しゅるいかぶぬしそうかい,種類株主総会とは、種類株主の総会をいいます。
さ行,退職給付会計,小規模企業等,しょうきぼきぎょうとう,従業員が比較的少ない会社では、原則法を適用することが相当の事務負担になります。また、高い信頼性をもって数理計算上の見積りを行うことが困難である場合や退職給付の重要性が乏しい場合があります。そこで、原則法による計算によらずに、簡便法により計算することが認められています。簡便法を適用できる小規模企業等とは、原則として従業員数300人未満の企業をいいますが、従業員数が300人以上の企業であっても年齢や勤続年数に偏りがあるなどの理由で原則法による計算の結果に一定の高い水準の信頼性が得られない企業も含まれます。
さ行,金融商品,償却原価,しょうきゃくげんか,償却原価とは、債権または債券を債権金額または債券金額より低い価額または高い価額で取得した場合において、当該差額が主に金利の調整部分に該当するときに、これを弁済期または償還期に至るまで毎期一定の方法で取得価額に加減した後の価額をいいます。
さ行,企業再編,承継会社,しょうけいかいしゃ,承継会社とは、会社分割において、分割会社の営業の全部または一部を承継する既存の他の会社をいいます。
さ行,会社法,招集通知,しょうしゅうつうち,招集通知とは、会社法第299条第2項または第3項の規定による通知をいいます。
さ行,連結,少数株主持分,しょうすうかぶぬしもちぶん,少数株主持分とは、連結子会社の純資産のうち、連結財務諸表作成会社(親会社)の持分に属しない部分をいい、支配獲得時には、連結子会社の純資産のうち少数株主に帰属する部分を持分比率に基づき計上します。\n支配獲得後は、取得後増加剰余金及び評価換算差額等のうち支配獲得後の変動部分の少数株主に帰属する部分が少数株主持分として計上されます。
さ行,金融商品,商品ファンド,しょうひんふぁんど,商品ファンドとは、投資家から集めた資金を原油、貴金属、穀物等の商品先物取引などの商品投資で運用し、得られた収益を投資家に分配するものです。商品ファンドの設立形態には、信託型、匿名組合型、パートナーシップ型、任意組合型があります。
さ行,棚卸資産,正味売却価額,しょうみばいきゃくかがく,正味売却価額とは、売価（購買市場と売却市場とが区別される場合における売却市場の時価）から見積追加製造原価及び見積販売直接経費を控除したものをいいます。なお、購買市場とは当該資産を購入する場合に企業が参加する市場をいい、売却市場とは当該資産を売却する場合に企業が参加する市場をいいます。
さ行,税金・税効果,将来加算一時差異,しょうらいかさんいちじさい,将来加算一時差異とは、「差異が生じたときに課税所得の計算上減算され、将来、当該差異が解消するときに課税所得の計算上加算されるもの」です。将来加算一時差異は、将来の課税所得の計算上で加算効果を有します。例えば、圧縮積立金、特別償却準備金など利益処分により計上された租税特別措置法上の準備金、資産または負債の評価替えにより生じた評価差益、連結会社相互間の債権と債務の消去により貸倒引当金を減額した場合等に発生します。
さ行,税金・税効果,将来減算一時差異,しょうらいげんさんいちじさい,将来減算一時差異とは、「差異が生じたときに課税所得の計算上加算され、将来、当該差異が解消するときに課税所得の計算上減算されるもの」です。将来減算一時差異は、将来の課税所得の計算上で減算効果を有します。たとえば、棚卸資産評価損の損金不算入額、退職給付引当金、貸倒引当金等の引当金の損金不算入額、減価償却費の損金不算入額、資産または負債の評価替えにより生じた評価差損、連結会社相互間の取引から生じる未実現利益を消去した場合等に発生します。
さ行,リース,所有権移転外ファイナンス・リース取引,しょゆうけんいてんがいふぁいなんすりーすとりひき,所有権移転外ファイナンス・リース取引とは、所有権移転ファイナンス・リース取引以外の取引をいいます。
さ行,リース,所有権移転ファイナンス・リース取引,しょゆうけんいてんふぁいなんすりーすとりひき,所有権移転ファイナンス・リース取引とは、リース契約上の諸条件に照らしてリース物件の所有権が借手に移転すると認められるものをいいます。
さ行,会社法,新株発行,しんかぶはっこう,新株発行とは、株式会社が新たに株式を発行することをいいます。\n通常、資金調達を目的として発行しますが、株式分割に伴う新株発行のように資金調達を伴わない新株発行もあります。
さ行,会社法,新株予約権,しんかぶよやくけん,新株予約権とは、株式会社に対して行使することにより当該株式会社の株式の交付を受けることができる権利をいいます。
さ行,企業再編,新株予約権付社債,しんかぶよやくけんつきしゃさい,新株予約権付社債とは、発行体の新株を取得する権利（新株予約権）が付された社債をいいます。 この新株予約権は、発行体に対して発行時にあらかじめ定められた一定の期間（行使請求期間）内に一定の数の新株を一定の価額（行使価額）で発行することを請求できる権利です。
さ行,会社法,新株予約権付社債,しんかぶよやくけんつきしゃさい,新株予約権付社債とは、新株予約権を付した社債をいいます。
さ行,会社法,新株予約権等,しんかぶよやくけんとう,新株予約権等とは、新株予約権その他当該法人等に対して行使することにより当該法人等の株式その他の持分の交付を受けることができる権利をいいます。 
さ行,企業再編,新設会社,しんせつかいしゃ,新設会社とは、会社分割において、分割会社の営業の全部または一部を承継する目的で設立される会社をいいます。
さ行,会社法,新設合併,しんせつがっぺい,新設合併とは、2以上の会社がする合併であって、合併により消滅する会社の権利義務の全部を合併により設立する会社に承継させるものをいいます。\n[会社計算規則の定義]\n会社計算規則においては、次に掲げるものをいいます。\nイ.2以上の会社がする合併であって、合併により消滅する会社の権利義務の全部を合併により設立する会社に承継させるもの\nロ.会社が会社以外の法人とする合併であって、合併後会社が設立されるもの
さ行,会社法,新設分割,しんせつぶんかつ,新設分割とは、1または2以上の株式会社または合同会社がその事業に関して有する権利義務の全部または一部を分割により設立する会社に承継させることをいいます。
さ行,金融商品,信用取引,しんようとりひき,信用取引とは、顧客が有価証券の売買取引を行うときに、証券会社から当該取引に必要な資金（信用買い）または有価証券（信用売り）を借り入れて行う取引です。\n有価証券の買付けを行う顧客は、資金を借りて有価証券を買付け、その有価証券を証券会社に担保として差入れ、後日、担保に差入れた有価証券を売却するか、他から借入れ、当初の借入資金を返済します。\n有価証券の売付けを行う顧客は、有価証券を借入れてこれを売却し、売却代金を証券会社に担保として差入れ、後日、担保に差入れた資金または新たに借り入れた資金により有価証券を買付けし、当初の借入有価証券を返済します。
さ行,金融商品,時価,じか,公正な評価額であり、取引を実行するために必要な知識をもつ自発的な独立第三者の当事者が取引を行うと想定した場合の取引価額をいいます。\n金融資産に付すべき時価には、当該金融資産が市場で取引され、そこで成立している価格がある場合の「市場価格に基づく価額」と、当該金融資産に市場価格がない場合の「合理的に算定された価額」とがあります（実務指針47）。
さ行,金融商品,時価主義,じかしゅぎ,時価主義とは、特定の資産または負債について毎期末の時価をもとに評価する会計です。\n従来の取得原価主義においては、時価と簿価の乖離を財務諸表に反映できませんでしたが、期末現在の時価に基づく会社の財政状態および経営成績を示すことが可能となりました。デリバティブ取引全般についても、財務諸表において時価評価の対象とされます。ただし、時価主義といってもすべての資産・負債に時価評価を求めているものではありません。対象は客観性の確保されるものに限定され、時価に恣意性が入るものは含まれません。
さ行,金融商品,時価ヘッジ処理,じかへっじしょり,時価ヘッジ処理とは、ヘッジ手段の損益発生時点に合わせてヘッジ対象の損益を認識する方法をいいます。この方法はヘッジ対象である資産または負債に係る相場変動等を損益に反映させることができる場合に適用可能です。
さ行,企業再編,事業承継,じぎょうしょうけい,事業承継とは一般的に、閉鎖会社や同族会社のオーナー社長が、後継者に事業を承継させる場合のことを指し、相続財産の評価等の相続対策と後継者の育成等の会社の存続発展とが課題となります。事業承継は、オーナー経営者の一族、会社および従業員にとって重要な影響を及ぼしますから、早期に後継者を特定し、会社の株式と事業用資産を後継者に取得させることが肝要です。
さ行,会社法,事業譲渡等,じぎょうじょうととう,事業譲渡等とは、次のイからニまでに掲げる行為をいいます。\nイ.事業の全部の譲渡 \nロ.事業の重要な一部の譲渡（※1） \nハ.他の会社（※2）の事業の全部の譲り受け \nニ.事業の全部の賃貸、事業の全部の経営の委任、他人と事業上の損益の全部を共通にする契約その他これらに準ずる契約の締結、変更または解約 \n（※1）当該譲渡により譲り渡す資産の帳簿価額が当該株式会社の総資産額として法務省令で定める方法(会社規則134)により算定される額の5分の1（これを下回る割合を定款で定めた場合にあっては、その割合）を超えないものを除きます。 \n（※2）外国会社その他の法人を含みます。 
さ行,セグメント情報,事業セグメント,じぎょうせぐめんと,事業セグメントとは、企業の構成単位で、次の要件のすべてに該当するものをいいます。\n（1）収益を稼得し、費用が発生する事業活動に関わるもの（同一企業内の他の構成単位との取引に関連する収益及び費用を含む。）\n（2）企業の最高経営意思決定機関が、当該構成単位に配分すべき資源に関する意思決定を行い、また、その業績を評価するために、その経営成績を定期的に検討するもの\n（3）分離された財務情報を入手できるもの
さ行,企業再編,事業分離,じぎょうぶんり,事業分離とは、ある企業を構成する事業を他の企業（新設される企業を含む。）に移転することをいいます。なお、複数の取引が1つの事業分離を構成している場合には、それらを一体として取り扱います。
さ行,企業再編,事業持株会社,じぎょうもちかぶがいしゃ,持株会社が株式の保有のみならず、企業支配以外の事業を自ら営む場合、その持株会社を事業持株会社といいます。事業を自ら営むことなく株式交換の場合には、既存の会社が親会社となりますので、当該親会社はそれまで営んでいた事業を継続するため一般に事業持株会社となります。これに対し株式移転の場合は、親会社となるのは新設会社ですので、親会社は企業支配以外の事業を営まず、純粋持株会社となります。ただし、株式移転の場合にも、経営管理機能や営業機能、経理・財務・人事等の間接業務機能を付加して事業持株会社化を図ることもできます。
さ行,会社法,自己株式,じこかぶしき,自己株式とは、株式会社が有する自己の株式をいいます。
さ行,会社法,自己株式対価額,じこかぶしきたいかがく,自己株式対価額とは、次の場合における自己株式の対価の額をいいます。\nイ.成立の日後に自己株式の処分をした場合\nロ.事業年度の末日後に自己株式の処分をした場合\nハ.最終事業年度から臨時決算日までの間に自己株式の処分をした場合
さ行,会社法,自己社債,じこしゃさい,自己社債とは、会社が有する自己の社債をいいます。
さ行,会社法,自己新株予約権,じこしんかぶよやくけん,自己新株予約権とは、株式会社が有する自己の新株予約権をいいます。
さ行,企業再編,自己創設のれん,じこそうせつのれん,のれんとは、超過収益力の対価であるといわれますが、長年企業の内部において培われてきた超過収益力のことを「自己創設のれん」といいます。この「自己創設のれん」は、M&Aにより獲得された超過収益力としてののれんと異なり、これを評価して貸借対照表に計上することはできません。
さ行,ストック・オプション,自社株式オプション,じしゃかぶしきおぷしょん,自社株式オプションとは、自社の株式を原資産とするコール・オプション（一定の金額の支払いにより、原資産である自社の株式を取得する権利）をいいます。新株予約権はこれに該当します。
さ行,無形資産・ソフトウェア,自社利用のソフトウェア,じしゃりようのそふとうえあ,自社利用のソフトウェアとは、社内で利用されるソフトウェアをいい、ユーザーへのサービス提供を行いその対価を得るために用いられるソフトウェアと、社内の業務遂行を効率的に行うなど社内の管理目的等で利用するためのソフトウェアに分類されます。
さ行,企業再編,実質支配力基準,じっしつしはいりょくきじゅん,実質支配力基準とは、親会社が保有する議決権の過半数を保有するか否かに加えて、議決権の所有割合以外の要素を加味して親会社が実質的に支配しているか否かを判断し、親会社による実質的な支配が認められる会社に関しては、連結の範囲に含めなくてはならないとする連結の範囲の決定に関する考え方です。\n企業結合では、被取得企業の支配を獲得することとなる取得企業を決定するために、実質支配力基準の考え方を用います。
さ行,金融商品,実質的ディフィーザンス,じっしつてきでぃふぃーざんす,実質的ディフィーザンスとは、負債の元利金の返済にのみ充当されるように、原債務者がリスク・フリー資産により解約不能の信託を設定し、将来において当該負債を原因とした追加支払が生じる可能性がほとんどなくなるように仕組むことにより、実質的に債務が償還されたものとみなすことです。
さ行,無形資産・ソフトウェア,実証プラント（パイロットプラント）,じっしょうぷらんと（ぱいろっとぷらんと）,実証プラント（パイロットプラント）とは、基礎研究の段階を経て、ある製品の商品化および量産化をするために、製品の品質や生産方法などについて実験を行うための試験用工場をいいます。\n最近では、エネルギー関連およびリサイクル関連に実証プラントの実例が見受けられます。たとえば、エネルギー関連では、燃料電池（水素と空気中の酸素を反応させることによって電気を取り出すシステム）の実証プラントや海水揚水発電技術実証プラントが、リサイクル関連では、家電リサイクル実証プラントや廃棄物再資源化実証プラントが実際に稼働しています。\n実証プラントは、研究用工場であり、そこでの活動は全て研究開発活動と考えられるため、使用される機械設備等は将来の生産設備として使用される可能性の有無にかかわらず、すべて研究開発費として処理されることになると考えられます。
さ行,退職給付会計,従業員拠出,じゅうぎょういんきょしゅつ,企業年金制度を採用している場合には、その年金資産の積み立てのために会社が資金を拠出するだけでなく、従業員からの拠出がある場合があります。このような従業員拠出がある場合、従業員拠出部分も含めて、全体として退職給付債務および退職給付費用の計算を行い、この計算された退職給付費用から従業員拠出額を控除した金額が、会社が認識すべき退職給付費用となります。
さ行,その他,従業員持株会（発展）型日本版ESOP,じゅうぎょういんもちかぶかい（はってん）がたにほんばんいそっぷ,従業員持株会（発展）型日本版ESOPとは、日本版ESOPのうち、従業員持株会を発展させた形態をとるものです。従来も従業員に対するインセンティブの付与、中長期的な保有を期待できる株主の確保などの目的のため運営されてきた従業員持株会を発展させたものです。\n具体的には、導入企業が信託を設定し、信託が導入企業の保証などを裏付けとして金融機関から株式の購入資金の融資を受けます。その後、信託は市場又は導入企業等から当該企業の株式を取得し、その後、従業員持株会へと譲渡していく形となります。
さ行,無形資産・ソフトウェア,受注制作のソフトウェア,じゅちゅうせいさくのそふとうえあ,受注制作のソフトウェアとは、特定のユーザー向けに制作・提供するソフトウェアをいいます。受注制作のソフトウェアについては請負工事の会計処理に準じた処理を行うこととされているため、工事契約会計基準の適用対象となります。
さ行,包括利益,純資産と包括利益のクリーン・サープラス関係,じゅんしさんとほうかつりえきのくりーん・さーぷらすかんけい,純資産と包括利益のクリーン・サープラス関係とは、ある期間における資本の増減（資本取引による増減を除く）が当該期間の利益と等しくなる関係をいいます。
さ行,企業再編,純資産方式,じゅんしさんほうしき,純資産方式とは、企業の価値を評価する方法のうちの一つであり、貸借対照表の純資産額を用いて企業価値を評価し、これを発行済株式数で除して1株当たり純資産額を算定し、企業の評価額とする方法です。決算上の貸借対照表をそのまま使用するか、あるいは資産・負債の時価評価等の調整を加えて使用するかにより、簿価純資産方式と時価純資産方式があります。
さ行,会社法,準備金,じゅんびきん,準備金とは、資本準備金または利益準備金の総称をいいます。
さ行,会社法,準備金計上限度額,じゅんびきんけいじょうげんどがく,準備金計上限度額とは、基準資本金額から準備金の額を減じて得た額をいいます。
さ行,会社法,準備金等,じゅんびきんとう,準備金等とは、会社法以外の法令の規定により準備金または引当金の名称をもって計上しなければならない準備金または引当金であって、資産の部または負債の部に計上することが適当ではないものをいいます。
さ行,会社法,譲渡制限株式,じょうとせいげんかぶしき,譲渡制限株式とは、株式会社がその発行する全部または一部の株式の内容として譲渡による当該株式の取得について、当該株式会社の承認を要する旨の定めを設けている場合における当該株式をいいます。
さ行,会社法,譲渡制限会社,じょうとせいげんがいしゃ,譲渡制限会社とは、株主が株式を第三者に譲渡する際に、定款の定めをもって取締役会の承認を要することとしている会社をいいます。なお、非公開会社とは、全ての株式を譲渡制限の対象としている会社です。
さ行,会社法,譲渡等承認請求,じょうととうしょうにんせいきゅう,譲渡等承認請求とは、次に掲げる請求をいいます。\nイ.譲渡制限株式の株主が、その有する譲渡制限株式を他人（※）に譲り渡そうとするとき、当該株式会社に対し、当該他人が当該譲渡制限株式を取得することについて承認をするか否かの決定をすることを請求すること\nロ.譲渡制限株式を取得した株式取得者が、株式会社に対し、当該譲渡制限株式を取得したことについて承認をするか否かの決定をすることを請求すること\n（※）　当該譲渡制限株式を発行した株式会社を除きます。
さ行,株主資本等変動計算書,剰余金,じょうよきん,剰余金とは、企業会計原則注解19によれば、会社の純資産が法定資本の額を超える部分をいい、資本剰余金と利益剰余金とに区分されます。
さ行,会社法,剰余金,じょうよきん,剰余金とは、会社法および会社法施行規則の定めに従い貸借対照表に関連する数値から算出して得られる額（※）をいいます。\n（※） 具体的には会社法第446条ならびに会社計算規則第22条および第23条に詳細に規定されています。また、合同会社においては、会社法第626条ならびに会社計算規則第164条において詳細に規定されています。
さ行,退職給付会計,数理計算,すうりけいさん,数理計算とは、年金数理や保険数理に基づいて行う保険料等の財政に関する計算のことをいいます。年金の場合には、年金制度を実施する集団について脱退率、死亡率、昇給率、予定利率等の基礎率を算定し、これをもとにして計算しますが、長期間における保険集団の収支相等（保険期間中の保険料の総額と予定運用益の合計が、保険金の支払総額と予定経費の合計に一致するように保険料が算定される原則）を扱うために、その内容は特に複雑なものとなります。 
さ行,退職給付会計,数理計算上の差異,すうりけいさんじょうのさい,退職給付債務の計算では、退職時の退職給付を見積もるために、昇給率や退職率などについて見積りをします。また、年金資産の運用収益についても、期待運用収益率を見積もります。これらの数値は、あくまでも見積りであるため、実際の数値と比較すると差異が生ずることになりますが、この差異を数理計算上の差異といいます。また、退職給付債務の見積りに用いる、割引率や昇給率、退職率等については、必要に応じて見直しをする場合がありますが、見直しを行った結果生じる、見直し前の退職給付債務と見直し後の退職給付債務の差額も、数理計算上の差異に含まれます。
さ行,退職給付会計,数理債務,すうりさいむ,数理債務とは、年金の財政計算において、年金制度における将来の給付額の現在価値から、将来の標準掛金（第一掛金）による収入の現在価値を控除した金額をいいます。適格退職年金制度においては数理債務のことを、責任準備金と呼んでいます。数理債務の計算方法は、退職給付債務の計算方法とは異なるため、両者は一致しませんが、簡便法を用いる場合には、この金額を退職給付債務とすることができます。
さ行,ストック・オプション,ストック・オプション,すとっくおぷしょん,ストック・オプションとは、「自社株式オプション」のうち、特に企業がその従業員などに、報酬として付与するものをいいます。
さ行,無形資産・ソフトウェア,スルー取引,するーとりひき,スルー取引とは、複数の企業間で売上金額の増額を目的として行われる仲介取引等をいいます。「情報サービス産業における監査上の諸問題について」（日本公認会計士協会・平成17年3月公表）において、ソフトウェアに係る取引で、問題が見受けられる事例の一つとして取り上げられています。
さ行,金融商品,スワップション,すわっぷしょん,スワップションとは金利スワップにオプションを組み合わせた複合金融商品です。\nたとえば、借入金の金利上昇リスクを回避するためにスワップションを利用した場合を考えます。金利が低いままで推移すると判断したら、権利を放棄し、反対に上昇すると判断したら権利行使をしてスワップ取引により変動金利を固定化することができます。したがって、通常の金利スワップでは金利が低くなったときに享受できないメリットを、オプション料を支払うことにより得られるようになります。
さ行,金融商品,スワップ取引,すわっぷとりひき,スワップ取引とは、取引の当事者間で、ある一定の条件のもとで、異なる金利や通貨を交換する取引のことをいいます。交換の対象となるものとして、金利、外国通貨、商品、有価証券店頭指数等さまざまなものがあります。
さ行,工事契約,成果の確実性,せいかのかくじつせい,成果の確実性とは、（1）工事収益総額、（2）工事原価総額、（3）決算日における工事進捗度の各要素について、信頼性をもった見積りができることをいいます。
さ行,無形資産・ソフトウェア,製品マスター,せいひんますたー,マスターは多く複合語の形で用いられますが、元になるもの、基本となるもの、という意味を表し、ここでいう製品マスターとは、開発されたソフトウェアの原版をいいます。
さ行,会社法,成立の日,せいりつのひ,成立の日とは、その本店の所在地において設立の登記をした日をいいます。
さ行,退職給付会計,責任準備金,せきにんじゅんびきん,数理債務とは、年金の財政計算において、年金制度における将来の給付額の現在価値から、将来の標準掛金（第一掛金）による収入の現在価値を控除した金額をいいます。責任準備金とは、適格退職年金制度における数理債務のことを指します。\n数理債務の計算方法は、退職給付債務の計算方法とは異なるため、両者は一致しませんが、簡便法を用いる場合には、この金額を退職給付債務とすることができます。
さ行,セグメント情報,セグメント管理者,せぐめんとかんりしゃ,セグメントの事業活動や業績、予測又は計画に関して、最高経営意思決定機関に対する報告責任を有する管理者をいい、必ずしも特定の肩書きの個人であるとは限らず、会議体であることも考えられます。また、最高経営意思決定機関自体が特定の事業セグメントのセグメント管理者である場合や、1人の管理者が複数の事業セグメントのセグメント管理者を兼任する場合もあります。
さ行,セグメント情報,セグメント情報の関連情報,せぐめんとじょうほうのかんれんじょうほう,関連情報とは、「製品及びサービスに関する情報」「地域に関する情報」「主要な顧客に関する情報」をいい、セグメント情報の中で同様の情報が開示されている場合を除き、セグメント情報等の注記として開示する必要があります。関連情報に開示される金額は、財務諸表を作成するために採用した会計処理に基づく数値によるものであり、セグメント情報を開示しない企業についても、開示が求められています。
さ行,セグメント情報,セグメント情報の基本原則,せぐめんとじょうほうのきほんげんそく,セグメント情報の基本原則とは、セグメント情報等の開示が、財務諸表利用者にとって、企業の過去の業績を理解し、将来のキャッシュ・フローの予測を適切に評価できるように、企業が行う様々な事業活動の内容及びこれを行う経営環境に関して適切な情報を提供するものでなければならないとするものです。
さ行,リース,セール・アンド・リースバック取引,せーるあんどりーすばっくとりひき,セール・アンド・リースバック取引とは、所有する物件を貸手に売却し、貸手から当該物件のリースを受ける取引をいいます。
さ行,税金・税効果,税金費用,ぜいきんひよう,税金費用とは、費用として認識した法人税等のことをいいます。損益計算書の「法人税、住民税及び事業税」に「法人税等調整額」を加算または減算し、法人税等の更正、決定等による納付税額または還付税額がある場合にはこれを加算または減算した金額のことをいいます。
さ行,税金・税効果,税効果会計,ぜいこうかかいけい,税効果会計とは、貸借対照表に計上されている資産および負債の金額と課税所得の計算の結果算定された資産および負債の金額との間に差異がある場合において、当該差異に係る法人税等の金額を適切に期間配分することにより、法人税等を控除する前の当期純利益の金額と法人税等の金額を合理的に対応させるための会計処理をいいます。\nこの定義は、わが国における税効果会計の定義であるため、資産負債法を前提としています。より広く定義するならば、企業会計と税務計算の差異がある場合において、当該差異に係る法人税等の金額を適切に期間配分することにより、法人税等を控除する前の当期純利益の金額と法人税等の金額を合理的に対応させるための会計処理ということになります。
さ行,金融商品,ゼロ・コスト・オプション,ぜろ・こすと・おぷしょん,ゼロ・コスト・オプションとは、オプションの購入と売却を組み合わせて、支払オプション料と受取オプション料を相殺してオプション料をゼロとしたオプション取引を組み合わせたものです。\n例えば、通貨オプションで考えると輸入業者がドル売り・円買いのために以下のような契約を結びます。\n円コール・ドルプットの購入行使レート1ドル120円\n円プット・ドルコールの売却行使レート1ドル125円\n金額：100万ドルオプション料0円\n輸入業者は、為替レートが１ドル120円以上円高になると円高によるリスクが回避でき、逆に１ドル125円以上円安になったときに円安のメリットを享受できます。したがって、ゼロ・コスト・オプションはデリバティブ取引が組み合わされた複合金融商品となります。
さ行,会社法,全部取得条項付種類株式,ぜんぶしゅとくじょうこうつきしゅるいかぶしき,全部取得条項付種類株式とは、当該種類の株式について、当該株式会社が株主総会の決議によってその全部を取得することに関する事項についての定めがある種類の株式をいいます。
さ行,連結,全面時価評価法,ぜんめんじかひょうかほう,全面時価評価法とは、支配獲得日における、子会社の資産および負債のすべてを支配獲得日の時価により評価する方法です。\nなお、従来は部分時価評価法の採用も認められていましたが、平成22年4月1日以後開始する連結会計年度から、全面時価評価法の採用のみが認められることになった点に留意が必要です。
さ行,金融商品,想定元本額,そうていがんぽんがく,デリバティブ取引において、決済金額等の算出に利用するための名目上の元本の額として取引の当事者があらかじめ定めた通貨の金額、株式の数、重量もしくは容積その他の単位の数値をいいます。
さ行,過年度遡及,遡及適用,そきゅうてきよう,遡及適用とは、新たな会計方針を過去の財務諸表にさかのぼって適用していたかのように会計処理することをいいます。
さ行,会社法,組織変更,そしきへんこう,組織変更とは、次のイまたはロに掲げる会社がその組織を変更することにより当該イまたはロに定める会社となることをいいます。\nイ.株式会社が、合名会社、合資会社または合同会社となる場合\nロ.合名会社、合資会社または合同会社が、株式会社となる場合
さ行,会社法,組織変更株式移転,そしきへんこうかぶしきいてん,組織変更株式移転とは、1または2以上の組織変更をする相互会社が組織変更をするのと同時に組織変更後株式会社（※）の発行する株式の全部を新たに設立する株式会社に取得させることをいいます(保険業法96の8①、96の9①九)。\n（※）他の組織変更をする相互会社または株式会社と共同して組織変更株式移転により組織変更株式移転設立完全親会社を設立するときは、その株式会社を含みます。
さ行,会社法,組織変更株式交換,そしきへんこうかぶしきこうかん,組織変更株式交換とは、組織変更をする相互会社が組織変更をするのと同時に組織変更後株式会社の株式の全部を他の株式会社に取得させることをいいます（保険業法96の5①）。
さ行,包括利益,その他の包括利益（OCI）,そのたのほうかつりえき,その他の包括利益とは、包括利益のうち当期純利益及び少数株主損益に含まれない部分をいい、連結財務諸表におけるその他の包括利益には、親会社株主に係る部分と少数株主に係る部分が含まれます。なお、その他の包括利益の内訳項目の例として、その他有価証券評価差額金、繰延ヘッジ損益、為替換算調整勘定、持分法適用会社に対する持分相当額（持分法を適用する被投資会社のその他の包括利益に対する投資会社の持分相当額を一括して区分表示したもの）があります。\nなお、その他の包括利益は一般的にOCI（Other Comprehensive Income）とも呼ばれます。
さ行,包括利益,その他の包括利益累計額（AOCI）,そのたのほうかつりえきるいけいがく,その他の包括利益累計額とは、これまでに公表された会計基準等で使用されている純資産の部の「評価・換算差額等」を読み替えたものであり、実質的な変更はされていません。\nなお、一般的にAOCI（Accumulated Other Comprehensive Income）とも呼ばれます。
さ行,税金・税効果,その他有価証券評価差額金,そのたゆうかしょうけんひょうかさがくきん,金融商品に係る会計基準では、有価証券を売買目的有価証券、満期保有目的の債券、子会社株式および関連会社株式、その他有価証券に分類しています。その他有価証券とは、売買目的有価証券、満期保有目的の債券、子会社株式および関連会社株式以外の有価証券のことをいいます。\n個別財務諸表においては、その他有価証券は、時価をもって貸借対照表価額とし、評価差額は、部分資本直入法または全部資本直入法により純資産の部に計上されます。純資産の部に計上されるその他有価証券の評価差額については、税効果会計を適用し、純資産の部において他の剰余金と区分して記載されます。\n連結財務諸表においては、子会社等が計上したその他有価証券評価差額金（税効果考慮後）のうち、親会社の子会社株式取得後に発生し連結貸借対照表の純資産の部に計上された金額に関して資本連結手続上取得後剰余金に準じて取り扱われ、子会社への投資に係る一時差異を構成します。税効果会計の適用上、子会社の株式等の売却が明確になった時点で、連結貸借対照表の純資産の部に計上される有価証券評価差額金は、それに対応して認識された繰延税金資産および繰延税金負債に見合う額を加減して計上されることになります。
さ行,無形資産・ソフトウェア,ソフトウェア,そふとうぇあ,ソフトウェアとは、コンピューターを機能させるように指令を組み合わせて表現したプログラムなどをいい、コンピューターに一定の仕事を行わせるためのプログラムやシステム仕様書、フローチャートなどの関連文書がその範囲に含まれます。\nコンテンツはソフトウェアとは別個のものとして取り扱いますが、ソフトウェアとコンテンツが経済的・機能的に一体不可分と認められるような場合には、両者を一体として取り扱うことができます。
た行,退職給付会計,退職一時金制度,たいしょくいちじきんせいど,退職一時金制度とは、会社が採用する退職給付制度のうち、会社が退職給付の原資について外部積立てを行わずに、従業員が定年や自己都合で退職する際に、一時金として支払う制度のことをいいます。退職一時金は、一般的に、労働協約または就業規則による退職金規程で定められた内容に基づき支給されるものです。
た行,退職給付会計,退職給付,たいしょくきゅうふ,退職給付とは、従業員が一定の期間にわたり労働を提供したことなどの理由に基づいて、退職以後に従業員に対して支給される給付をいいます。退職給付の典型的なものとしては、退職時に支払われる退職一時金や退職後に年金として支払われる退職年金があります。
た行,退職給付会計,退職給付債務,たいしょくきゅうふさいむ,退職給付債務とは、従業員が在職中の一定の期間にわたり労働を提供したこと等の理由に基づいて、退職以後に従業員に支給される給付（退職給付）のうち認識時点までに発生していると認められるものをいいます。その計算は、認識時点までに発生していると認められる額を一定の割引率及び予想される退職時から現在までの期間（残存勤務期間）に基づき割り引いて計算します。
た行,退職給付会計,退職給付信託,たいしょくきゅうふしんたく,退職給付信託とは、退職一時金制度および退職年金制度における退職給付債務の積立不足額を積み立て、将来の退職給付にあてるために設定した信託をいいます。退職給付信託が、会社から分離され、退職給付にのみあてられることが確保されるような一定の要件を満たしている場合には、年金資産に該当するものとみなして会計処理を行います。退職給付会計の導入時には、会計基準変更時差異を縮小させるために、退職給付信託を設定した会社が多くありました。
た行,退職給付会計,退職給付制度間の移行,たいしょくきゅうふせいどかんのいこう,確定給付型の退職給付制度から他の確定給付型の退職給付制度への移行や、確定給付型の退職給付制度から確定拠出年金制度への移行があります。こうした移行は、確定給付企業年金法及び確定拠出年金法の制定を受けて可能となりました。移行の形態としては、将来勤務に係る部分から移行する場合や、過去勤務に係る部分も含めて移行する場合等が考えられます。
た行,退職給付会計,退職給付制度の終了,たいしょくきゅうふせいどのしゅうりょう,退職金規程の廃止、厚生年金基金の解散又は税制適格退職年金制度の全部解除のように退職給付制度が廃止される場合（全部終了）のほか、退職給付制度間の移行又は制度の改訂により退職給付債務がその減少分相当額の支払等を伴って減少する場合（一部終了）も含まれます。
た行,退職給付会計,退職給付引当金,たいしょくきゅうふひきあてきん,退職給付引当金とは、退職給付会計基準にしたがって計上される引当金をいいます。かつては退職給与引当金という科目で、退職一時金制度に係る負債が計上されていましたが、退職給付会計基準の適用により、退職一時金制度により給付される退職給付だけでなく、企業年金制度から給付される退職給付も含めて退職給付に係る負債を包括的に退職給付引当金の科目をもって表示することになりました。
た行,退職給付会計,退職給付費用,たいしょくきゅうふひよう,退職給付費用とは、退職給付会計基準によって、退職給付に関する費用として計上されるものをいいます。退職給付費用の主な構成要素としては、勤務費用、利息費用、期待運用収益、過去勤務債務の費用処理額、数理計算上の差異の費用処理額、会計基準変更時差異の費用処理額があります。さらに、臨時に支給される退職給付であらかじめ予測できないものや、退職給付引当金を超える退職給付の支給については、支払時の退職給付費用として処理します。
た行,退職給付会計,退職率,たいしょくりつ,退職率とは、在籍する従業員が自己都合や定年等により生存退職する年齢ごとの発生率のことをいいます。在籍する従業員が今後どのような割合で退職していくかを推計するために使用するものであり、退職給付債務の計算に用いる基礎率の1つです。将来の予測を適正に行うために、リストラに伴う大量解雇や希望退職の募集による大量退職などの異常値を除いた過去の実績に基づき、合理的に算定する必要があります。
た行,退職給付会計,他益信託,たえきしんたく,自益信託とは、委託者自身が受益者となるような信託をいい、他益信託とは、委託者以外の第三者が受益者となるような信託をいいます。退職給付信託を退職給付会計上の年金資産とするためには、信託財産を退職給付に充てることに限定した他益信託であることが必要であり、収益（配当）を事業主に帰属させるような自益信託は認められません。
た行,税金・税効果,タックスプランニング,たっくすぷらんにんぐ,タックスプランニングとは、将来の法人税等の発生につき計画を行うことです。将来の課税所得の発生につき計画を立案することは、繰延税金資産の回収可能性を裏づけるうえで重要なことです。特に、保有している有価証券、不動産等を売却し、その含み益が実現することにより発生する課税所得によって、繰延税金資産の回収を計画している場合には、タックスプランニングが不可欠です。この場合のタックスプランニングは、売却可能性、売却予定時期、実現が予定される含み益の金額の妥当性について十分に検討する必要があります。\n有価証券、不動産の中には、処分するにあたって、法的に制限されていたり、取引関係から処分することが現実的ではない場合が考えられます。売却可能性が十分にあり、売却時期も現実的であることが裏づけられて、初めて繰延税金資産の回収可能性があるものといえます。\nまた、タックスプランニングは、取締役会等で承認された事業計画等で明確になっている必要があります。\nさらに、タックスプランニングにより実現される含み益等の金額が妥当であることが必要です。妥当性のある金額とは、契約等で確定している金額や公正な時価（有価証券における期末の時価、不動産における期末前おおよそ1年以内の不動産鑑定評価額等）を意味します。
た行,外貨建・在外子会社,タックス・ヘイブン対策税制,たっくすへいぶんたいさくぜいせい,タックス・ヘイブン対策税制とは、所得に対する課税がなかったり、他の国に比較して極めて低い税率での課税をしている国・地域に子会社等を設立し、租税負担の軽減をはかることに対応するため、事業体としての実体を備えておらず、その地域で活動することにつき十分な経済合理性がない場合については、それらの出資者等である内国法人に対して、その子会社等の留保所得につき合算して課税する規制のことをいいます。
た行,外貨建・在外子会社,多通貨会計,たつうかかいけい,多通貨会計とは、外貨建債権債務および外国通貨の保有状況ならびに決済方法等から、外貨建取引について当該取引発生時の外国通貨により記録することが合理的であると認められる場合に、外貨建取引を取引発生時の外国通貨の額をもって記録し、各月末日等一定の時点において当該時点の直物為替レートまたは合理的な基礎に基づいて算定された一定期間の平均レートでまとめて円貨に換算する会計処理方法です（外貨建取引等基準注解3)。 
た行,退職給付会計,縦割型,たてわりがた,縦割型とは、退職一時金制度を採用している会社が、一部を企業年金制度へ移行する場合に、一定の年齢または勤続年数までに退職した場合は全額を退職一時金制度から給付し、それを超えて退職した場合は全額を企業年金制度から給付するような移行形態をいいます。また、定年前の退職者は全額を退職一時金制度から給付し、定年退職者は全額を企業年金制度から給付するような形態も縦割型に含まれます。縦軸に退職給付の額、横軸に年齢をとって図を書いたときに、移行部分と未移行部分とが縦に分かれるので、縦割型と呼ばれます。
た行,棚卸資産,棚卸資産の評価方法,たなおろししさんのひょうかほうほう,棚卸資産の評価方法とは、一定の仮定に基づき売上原価等の払出原価と期末棚卸資産の価額を算定する方法をいいます。棚卸資産については、原則として購入代価又は製造原価に引取費用等の付随費用を加算して取得原価とし、評価方法の中から選択した方法を適用して売上原価等の払出原価と期末棚卸資産の価額を算定するものとされています。
た行,会社法,単元株式数,たんげんかぶしきすう,単元株式数とは、株式会社がその発行する株式について、一定の数の株式をもって株主が株主総会または種類株主総会において1個の議決権を行使することができる1単元の株式とする旨の定款の定めを設けている場合における当該一定の数をいいます。
た行,会社法,単元未満株式,たんげんみまんかぶしき,単元未満株式とは、単元株式数に満たない数の株式をいいます。
た行,会社法,単元未満株式売渡請求,たんげんみまんかぶしきうりわたしせいきゅう,単元未満株式売渡請求とは、単元未満株主が有する単元未満株式の数と併せて単元株式数となる数の株式を当該単元未満株主に売り渡すことを請求することをいいます。
た行,会社法,単元未満株主,たんげんみまんかぶぬし,単元未満株主とは、単元未満株式を有する株主をいいます。
た行,金融商品,第一次債務者の地位から免責される場合,だいいちじさいむしゃのちいからめんせきされるばあい,第一次債務者の地位から免責される場合とは、たとえば、契約によって、保証債務における催告の抗弁のように原債務者が原債権者からの履行請求につき原債務を引受けた第三者が実行することを主張できるような場合や、原債権者に対して原債務を引受けた第三者による履行の法的措置を取り、当該第三者による債務不履行の場合を除き原債務者が原債権者から債務の履行を請求されることがないときが該当すると考えられます。
た行,会社法,大会社,だいがいしゃ,大会社とは、次に掲げる要件のいずれかに該当する株式会社をいいます。\nイ.最終事業年度に係る貸借対照表（※）に資本金として計上した額が5億円以上であること\nロ.最終事業年度に係る貸借対照表（※）の負債の部に計上した額の合計額が200億円以上であること\n（※）計算書類に係る承認特則規定(会社法439前段)に該当する場合にあっては、同条の規定により定時株主総会に報告された貸借対照表をいい、株式会社の成立後最初の定時株主総会までの間においてはその成立の日における貸借対照表(会社法435①)をいいます。
た行,連結,第三者割当,だいさんしゃわりあて,第三者割当とは、増資にあたり発行する新株を従前からの株主以外の株主に割り当てることをいいます。
た行,会社法,第三者割当増資,だいさんしゃわりあてぞうし,第三者割当増資とは、株主に株式の割当てを受ける権利を与えないで、募集株式の申込者に対して会社が割当ての決定をして株主以外の者に対して出資を募る方法をいいます。
た行,会社法,代表取締役,だいひょうとりしまりやく,代表取締役とは、株式会社を代表する取締役をいいます。
た行,連結,ダウン・ストリーム，アップ・ストリーム,だうんすとりーむ、あっぷすとりーむ,親会社から子会社へのように資本上位会社から下位会社への資産の売却を「ダウン・ストリーム」といいます。この反対に、資本下位会社から資本上位会社への資産の売却を「アップ・ストリーム」といいます。
た行,連結,段階取得に係る損益,だんかいしゅとくにかかるそんえき,段階取得に係る損益とは、支配の取得が複数の取引により達成された場合（段階取得）において、非取得企業の取得原価と、支配を獲得するに至った個々の取引ごとの原価の合計額との差額をいいます。\n なお、非取得企業の取得原価は、支配を獲得するに至った個々の取引すべての企業結合日における時価をもって算定される点に留意が必要です。
た行,退職給付会計,遅延認識,ちえんにんしき,過去勤務債務および数理計算上の差異については、必ずしも発生年度に全額を費用処理しなくても、平均残存勤務期間内の年数にわたって規則的に費用計上していくことも認められています。\n遅延認識とは、このように、過去勤務債務および数理計算上の差異の費用計上を、発生年度の翌年以降に繰り越して費用計上していくことをいいます。
た行,会社法,注記表,ちゅうきひょう,注記表とは、個別注記表および連結注記表をいいます。
た行,退職給付会計,中小企業退職金共済制度,ちゅうしょうきぎょうたいしょくきんきょうさいせいど,中小企業退職金共済制度とは、中小企業退職金共済法にもとづいた制度で、勤労者退職金共済機構（政府関係特殊法人）が事業主体となっている年金制度です。加入できる企業には従業員数や資本金に上限があり、中小企業向けの制度になっています。毎月の掛金の金額は、あらかじめ設定された16段階の金額の中から自由に選択できますが、その代わりに、給付金額は、掛金月額、加入期間および運用実績に基づいて決まる、確定拠出型の年金です。
た行,企業再編,超過収益力,ちょうかしゅうえきりょく,超過収益力とは、企業が経営を継続していく過程において蓄積された、他企業にない優位的な取引関係や従業員の質の向上など、現時点において測定しえない潜在的な企業価値を指します。\n企業の買収や合併といった場面においては、超過収益力を加味した企業価値の測定が行われるため、識別可能な資産・負債の時価の集積を超えた額に企業の評価額が算定されることがあり、差額としてののれんが計上されます。
た行,賃貸不動産,賃貸等不動産,ちんたいとうふどうさん,賃貸等不動産とは、棚卸資産に分類されている不動産以外のものであって、賃貸収益又はキャピタルゲインの獲得を目的として保有されている不動産（ファイナンス・リース取引の貸手における不動産を除く）をいい、物品の製造や販売、サービスの提供、経営管理に使用されている場合は含まれません。\n投資不動産、将来の使用が見込まれていない遊休不動産のほか、それら以外で賃貸されている不動産が賃貸等不動産の対象となります。
た行,連結,追加取得,ついかしゅとく,連結の範囲に既に含まれている会社の株式を、連結外部から追加して取得することをいいます。追加取得は、持分比率の変動をもたらす他、のれんが計上されるなどの影響があります。
た行,金融商品,通貨スワップ取引,つうかすわっぷとりひき,取引の当事者が約定した元本額および金利（金利を基礎として計算される指数その他の指標を含む）に基づいて計算される異種の通貨の金利ならびに元本に相当する額の金銭を相互に支払う（交換する）ことを約する取引をいいます。
た行,退職給付会計,定額法,ていがくほう,定額法とは、過去勤務債務および数理計算上の差異の費用処理方法のうち、各年度の発生額について平均残存勤務期間内の一定の年数で按分して費用処理する方法をいいます。会計基準変更時差異の費用処理についても、15年以内の一定の年数で按分する方法で費用処理することとされており、これも定額法といいます。
た行,会社法,提供計算書類,ていきょうけいさんしょるい,提供計算書類とは、次のイからハに掲げる株式会社の区分に応じ、当該各号に定めるものをいいます。\nイ.株式会社(監査役設置会社および会計監査人設置会社を除く)　計算書類 \nロ.会計監査人設置会社以外の監査役設置会社　次に掲げるもの \n（イ）計算書類 \n（ロ）計算書類に係る監査役（※1）の監査報告があるときは、当該監査報告（※2） \n（ハ）監査を受けたものと見なされたとき(計算規則124③ )は、その旨の記載\nまたは記録をした書面または電磁的記録 \nハ.会計監査人設置会社　次に掲げるもの \n（イ）計算書類 \n（ロ）計算書類に係る会計監査報告があるときは、当該会計監査報告 \n（ハ）会計監査人が存しないとき（一時会計監査人の職務を行うべき者（会社法346 ④）が存する場合を除く）は、会計監査人が存しない旨の記載または記録をした書面または電磁的記録 \n（ニ）会計監査人の監査を受けたものとみなされたとき(計算規則130③）は、その旨の記載または記録をした書面または電磁的記録 \n（ホ）計算書類に係る監査役（※1）の監査報告があるときは、当該監査報告（※2） \n（ヘ）監査役の監査を受けたものと見なされたとき（計算規則160 ③）は、その旨の記載または記録をした書面または電磁的記録 \n（※1）監査役会設置会社にあっては監査役会、委員会設置会社にあっては監査委員会 \n（※2）2以上の監査役が存する株式会社（監査役会設置会社を除く）の各監査役の監査報告の内容（監査報告を作成した日を除く）が同一である場合にあっては、1または2以上の監査役の監査報告 
た行,退職給付会計,定率法,ていりつほう,定率法とは、過去勤務債務および数理計算上の差異の費用処理方法のうち、未認識過去勤務債務残高および未認識数理計算上の差異残高の一定割合を費用処理する方法をいいます。定率法の場合には、過去勤務債務または数理計算上の差異を発生年度ごとに管理せず、各々の残高に一定年数に基づく定率を乗じた金額が当年度の費用処理額となりますが、一定年数に基づく定率は、過去勤務債務および数理計算上の差異の費用処理期間内で、当該発生額のおおむね90％が費用処理されるように決定します。
た行,企業再編,適格合併,てきかくがっぺい,合併が行われた場合、消滅会社から存続会社への資産等の移転は、税務上、原則として時価による資産等の譲渡として取り扱われます。ただし、企業グル－プ内の合併など､一定の要件を満たす合併を「適格合併」といい､適格合併に該当する合併であれば､消滅会社から存続会社への資産等の移転は､税務上の帳簿価額により行われることとなります。
た行,ストック・オプション,適格ストック・オプション,てきかくすとっくおぷしょん,適格ストック・オプションとは、租税特別措置法29条ノ2第1項の要件を充足する場合に、取得した個人の課税関係において、権利行使時の課税を繰り延べ、株式売却時に譲渡益課税とする旨の特例措置の適用を受けるストック・オプションをいいます。 また、非適格ストック・オプションとは、租税特別措置法29条の2第1項の要件を充たさないストック・オプション、適格ストック・オプションのうち要件を充たさなくなったものをいいます。
た行,退職給付会計,適格退職年金,てきかくたいしょくねんきん,適格退職年金とは、信託銀行、生命保険会社または全国共済農業組合連合会が、企業年金を実施する企業と、退職年金に関する信託、生命保険、または生命保険共済の契約を締結することにより、企業年金の運営の委託を受け、国税庁長官の承認を受けて実施する年金です。「適格」とは税制適格年金という意味です。適格退職年金と認められた場合には、事業主が負担する掛金は全額損金として扱われるなど、税制上の優遇措置があるため、企業年金制度の１つとして広く利用されています。\nなお、平成13年の確定給付企業年金法の成立により、平成24年3月までに廃止もしくは他の年金制度に移行しないと税務上の優遇措置が受けられなくなります。
た行,企業再編,適格分割,てきかくぶんかつ,適格分割とは、税制上、一定の要件を満たすことにより、分割前の帳簿価額を引き継ぎ、譲渡損益が繰延べされることとなる会社分割をいいます。一定の要件には、「企業グループ内の会社分割」と「共同事業を行うための会社分割」の2つがあります。
た行,企業再編,転換価格,てんかんかかく,転換社債の転換によって発行する株式1株の発行価額。
た行,リース,転リース取引,てんりーすとりひき,転リース取引とは、リース物件の所有者から当該物件のリースを受け、さらに同一物件をおおむね同一の条件で第三者にリースする取引をいいます。
た行,金融商品,デット・アサンプション,でっと・あさんぷしょん,デット・アサンプションとは、企業が有する特定の債務の元利金の支払について、銀行等との間で債務履行引受契約を締結し、当該債務を銀行等が引き受けると同時に、企業は銀行等に対して見返りの資金を一時に支払い、原債務の履行を免れる取引のことです。
た行,金融商品,デリバティブ取引,でりばてぃぶとりひき,デリバティブ取引とは、その権利義務の価値が特定の金利、有価証券の価格、外国為替相場などの変数に反応して変化する基礎数値を有し、かつ、想定元本か決済金額のいずれかあるいは両方を有する契約をいいます。先物取引、スワップ取引、オプション取引等が該当します。例えば、金利、外国為替相場を基礎数値とする場合は、あらかじめ当事者間で約定された数値と将来の一定の時期における現実の指標の数値との差を想定元本に基づいて算出される金銭の授受を約する取引を行います。
た行,会社法,電子公告,でんしこうこく,電子公告とは、公告方法のうち、電磁的方法により不特定多数の者が公告すべき内容である情報の提供を受けることができる状態に置く措置であって、送信者の使用に係る電子計算機に備えられたファイルに記録された情報の内容を電気通信回線を通じて情報の提供を受ける者の閲覧に供し、当該情報の提供を受ける者の使用に係る電子計算機に備えられたファイルに当該情報を記録する方法のうち、インターネットに接続された自動公衆送信装置を使用する方法をいいます。
た行,会社法,電磁的記録(会社規則231～238における｢電磁的記録｣は除く),でんじてききろく,電磁的記録とは、電子的方式、磁気的方式その他人の知覚によっては認識することができない方式で作られる記録であって、磁気ディスクその他これに準ずる方法により一定の情報を確実に記録しておくことができる物をもって調製するファイルに情報を記録したものをいいます（※）。\n（※） この場合において、当該電磁的記録に記録された情報については、電子署名をとらなければなりません。
た行,会社法,電磁的方法,でんじてきほうほう,電磁的方法とは、次に掲げる方法をいいます。\nイ.電子情報処理組織を使用する方法のうち（イ）または（ロ）に掲げるもの \n（イ）送信者の使用に係る電子計算機と受信者の使用に係る電子計算機とを接続する電気通信回線を通じて送信し、受信者の使用に係る電子計算機に備えられたファイルに記録する方法（※） \n（ロ）送信者の使用に係る電子計算機に備えられたファイルに記録された情報の内容を電気通信回線を通じて情報の提供を受ける者の閲覧に供し、当該情報の提供を受ける者の使用に係る電子計算機に備えられたファイルに当該情報を記録する方法（※） \nロ.磁気ディスクその他これに準ずる方法により一定の情報を確実に記録しておくことができる物をもって調製するファイルに情報を記録したものを交付する方法（※） \n（※） いずれの方法も、受信者がファイルへの記録を出力することにより書面を作成することができるものでなければなりません。 
た行,退職給付会計,データ基準日,でーたきじゅんび,退職給付債務を計算するにあたって必要となるデータとしては、在籍する従業員についての各個人ごとの人事に関するデータ（年齢、生年月日、勤務年数、給与など）と、将来の退職給付を予測する上で必要となる基礎率（割引率、期待運用収益率、予定昇給率、退職率、死亡率、予定一時金選択率など）がありますが、データ基準日とは、これらのデータを集めるにあたって基準とした、ある一定の時点をいいます。
た行,連結,投資と資本の消去,とうしとしほんのしょうきょ,投資と資本の相殺消去とは、連結手続において、親会社で計上されている子会社株式とこれに対応する子会社の資本とを消去し、消去差額が生じた場合には当該差額をのれんとして振り替える一連の手続を指します。
た行,賃貸不動産,投資不動産,とうしふどうさん,投資不動産とは、投資の目的で所有する土地、建物その他の不動産をいいます。投資不動産は、時価そのものが企業にとっての価値を示していることから、賃貸等不動産に含まれます。
た行,会社法,特定関係事業者,とくていかんけいじぎょうしゃ,特定関係事業者とは、次に掲げるものをいいます。\nイ.株式会社の親会社ならびに当該親会社（※1）の子会社および関連会社（※2）\nロ.株式会社の主要な取引先である者(法人以外の団体を含む)\n（※1）当該株式会社に親会社がない場合にあっては、当該株式会社。\n（※2）当該親会社が会社でない場合におけるその子会社および関連会社に相当するものを含みます。
た行,会社法,特定監査役,とくていかんさやく,特定監査役とは、次のイからハの場合の区分に応じ、当該各号に定める者をいいます。\nイ.監査役設置会社（※） （監査役会設置会社を除く）\n次の（イ）から（ハ）までに掲げる場合の区分に応じ、当該（イ）から（ハ）までに定める者 \n（イ） 2以上の監査役が存する場合において、特別取締役に監査報告の内容を通知すべきまたは会計監査人から会計監査報告の内容の通知を受ける監査役を定めたとき　当該通知をするまたは受ける監査役として定められた監査役 \n（ロ） 2以上の監査役が存する場合において、特定取締役に監査報告の内容を通知すべきまたは会計監査人から会計監査報告の内容の通知を受ける監査役を定めていないとき　すべての監査役 \n（ハ）上記（イ）または（ロ）に掲げる場合以外の場合　監査役 \nロ.監査役会設置会社\n次の（イ）または（ロ）に掲げる場合の区分に応じ、当該（イ）または（ロ）に定める者 \n（イ） 特定取締役に監査報告の内容を通知すべきまたは会計監査人から会計監査報告の内容の通知を受ける監査役を定めた場合　当該通知をするまたは受ける監査役として定められた監査役 \n（ロ） 上記（イ）に掲げる場合以外の場合　すべての監査役 \nハ.委員会設置会社\n特定取締役に監査報告の内容を通知すべきまたは会計監査人から会計監査報告の内容の通知を受ける監査委員として定められた監査委員 \n（※）監査役の監査の範囲を会計に関するものに限定する旨の定款の定めがある株式会社を含みます。 
た行,企業再編,特定資本関係,とくていしほんかんけい,特定資本関係とは、次の ① ② いずれかに該当する場合をいいます。\n①2つの法人のうち、いずれか一方の法人が他の法人の発行済株式等の総数の100分の50超の株式を直接または間接に保有する関係 \n②2つの法人が同一の者によってそれぞれの法人の発行済株式等の総数の100分の50超の株式を直接または間接に保有される関係 \n② の場合の、発行済株式等の総数の100分の50超の株式を直接または間接に保有するかどうかの判定は、直接保有の株式の保有割合と間接保有の株式の保有割合とを合計した割合によって行われます。
た行,会社法,特定取締役,とくていとりしまりやく,特定取締役とは、次のイおよびロの場合の区分に応じ、当該各号に定める者（※）をいいます。\nイ.特定監査役または会計監査人から監査報告または会計監査報告の内容の通知を受ける者を定めた場合　当該通知を受ける者として定められた者\nロ.上記イに掲げる場合以外の場合　事業報告およびその附属明細書もしくは監査を受けるべき計算関係書類の作成に関する職務を行った取締役および執行役\n（※）当該株式会社が会計参与設置会社である場合にあっては、計算関係書類等については当該各号に定める者および会計参与。
た行,会社法,特定募集,とくていぼしゅう,特定募集とは、次の要件のいずれにも該当する場合における下記ロの募集をいいます。\nイ.最終事業年度の末日後に当該株式会社の全部取得条項付種類株式の全部の株式の取得（会社法173①）（※1）をすること \nロ.募集株式の発行等（会社法第2編第2章第8節）の規定（会社法199～213）により上記イの株式（※2）の全部または一部を引き受ける者の募集をすること \nハ株式会社が上記イの株式を取得する日（会社法171①三）と上記ロの募集株式と引き換えにする金銭の払込みまたは財産の給付の期日（会社法199 ①三･四）が同一の日であること \n（※1）株式の取得に際して当該株式の株主に対してロの募集により当該株式会社が払い込みまたは給付を受けた財産のみを交付する場合における当該株式の取得に限ります。 \n（※2）当該株式の取得と同時に当該取得した株式の内容を変更する場合にあっては、当該変更後の内容の株式。 
た行,会社法,特別決議,とくべつけつぎ,特別決議とは、総株主の議決権の過半数に当たる株式を保有する株主が出席し、その出席株主の議決権の2/3以上に当たる決議数で決議を行うことをいいます。
た行,会社法,特別支配会社,とくべつしはいがいしゃ,特別支配会社とは、ある株式会社の総株主の議決権の10分の9（※1）以上を他の会社および当該他の会社が発行済株式の全部を有する株式会社または次のイまたはロに該当する法人が有している場合（会社規則136）における当該他の会社をいいます。\nイ.当該他の会社がその持分の全部を有する法人（株式会社を除く） \nロ.当該他の会社および特定完全子法人（※2）または特定完全子法人（※2）がその持分の全部を有する法人 \n（※1）これを上回る割合を当該株式会社の定款で定めた場合にあっては、その割合。 \n（※2）当該他の会社が発行済株式の全部を有する株式会社および上記イに掲げる者（会社規則136①）。 
た行,リース,特別仕様のリース物件,とくべつしようのりーすぶっけん,特別仕様のリース物件とは、リース物件が、借手の用途等に合わせて特別の仕様により製作又は建設されたもの（専用性の高い機械装置等以外に特別仕様の建物等の不動産も含まれる）であって、当該リース物件の返還後、貸手が第三者に再びリース又は売却することが困難であるため、その使用可能期間を通じて借手によってのみ使用されることが明らかなリース取引をいいます。
た行,会社法,特別取締役,とくべつとりしまりやく,特別取締役とは、取締役会が、重要な財産の処分および譲り受けならびに多額の借財（会社法362 一･二）について、あらかじめ選定された3人以上の取締役をもって行うことができる旨を定めた場合における、当該選定された取締役をいいます。
た行,金融商品,特別目的会社,とくべつもくてきがいしゃ,特別目的会社とは、事業内容が特定されており、ある特定の事業を営むことを目的とした会社のことです。「特定目的会社による特定資産の流動化に関する法律」（SPC法）の規定に基づいて不動産、指名金銭債権など資産の流動化を目的とした特定目的会社が代表的なものです。\n特別目的会社は、適正な価額で譲り受けた金融資産から生ずる収益を当該特別目的会社が発行する証券の保有者に享受させることを目的として設立され、その目的に従って適正に遂行されていると認められることが必要とされています。\n特別目的会社が、上記の目的に従って次のような取引を行なった場合には事業目的に従って適正に遂行されているとされます。\n・資産処分により収益をあげ、証券の保有者へこれを享受させる場合 \n・証券の保有者への配当、利払いおよび償還等の時期まで余資を運用して収益を高める場合 \n・事業目的を遂行するうえでデリバティブによりキャッシュフローを調整する場合 \n・事業目的を遂行するうえでキャッシュフローを調整するための借入（たとえば、証券を完売するまでの借入、または証券の保有者への配当、利払いおよび償還等のための借入）を行う場合 \n・事業目的に従い、一部の金融資産の回収に伴い譲渡人から新たな金融資産を譲受けることを繰返す場合、または当初譲受けた金融資産をすべて回収した後、譲渡人から再度新たな金融資産を譲受ける場合 
た行,税金・税効果,土地再評価法,とちさいひょうかほう,土地再評価法とは、土地の再評価につき定められた法律であり、平成10年３月に施行され、平成13年3月に改正されています。この改正により平成14年3月31日まで土地再評価を行うことが可能となっています。\n土地再評価法を適用し、土地の再評価を行った場合の取扱いは、「改正土地再評価法に関するQ&A」（「リサーチ・センター審理情報」№9）に示されています。これによると、事業用の土地を基準日時点での時価で計上し、再評価差額金は損益計算書を通さずに、税効果相当額を「再評価に係る繰延税金資産」または「再評価に係る繰延税金負債」に計上したうえで、残額を資本の部に再評価差額金として計上することとされています。その際、再評価差額金は、評価益と評価損をネットして計上されます。なお、土地再評価法は、商法上の大会社または証券取引法に基づく監査が義務づけられている会社を対象としており、同一の会社において期限内の決算で1回に限り実施できることとされています。\nなお、「土地の再評価に関する法律」により再評価を行い、「再評価に係る繰延税金資産」を計上している土地について減損損失を計上した場合は、減損損失を行った部分に係る土地再評価差額金は取り崩すこととなるため、この取崩しに伴い、当該土地に係る「再評価に係る繰延税金資産」を全額取り崩すこととなります。
た行,会社法,取締役会議案提案取締役,とりしまりやくかいぎあんていあんとりしまりやく,取締役会議案提案取締役とは、取締役会に議案を提案した取締役および執行役をいいます。
た行,会社法,取締役会設置会社,とりしまりやくかいせっちがいしゃ,取締役会設置会社とは、取締役会を置く株式会社または会社法の規定により取締役会を置かなければならない株式会社をいいます。
た行,棚卸資産,トレーディング目的で保有する棚卸資産,とれーでぃんぐもくてきでほゆうするたなおろししさん,トレーディング目的で保有する棚卸資産とは、金地金のように、単に市場価格の変動により利益を得ることを目的として保有されている棚卸資産をいいます。「トレーディング目的で保有する棚卸資産」は、生産や販売を目的として保有する棚卸資産と区別されます。改定棚卸資産会計基準においては、市場価格に基づく価額をもって貸借対照表価額として、帳簿価額との差額（評価差額）は、当期の損益として処理されています。
た行,連結,同意している者,どういしているもの,同意している者とは、自己の意思と同一の内容の議決権を行使することに同意していると認められるものをいいます。\n同意している旨の文章がなくても、自己との関係から実質的に判断して同意しているか否かを判断します。
な行,外貨建・在外子会社,ネッティング,ねってぃんぐ,ネッティングとは、債権および債務を互いに有する相手方に対しては債権、債務を発生の都度、個々に決済する代わりに、これらを相殺し差額を決済することをいいます。
な行,退職給付会計,年金財政計算,ねんきんざいせいけいさん,年金財政計算とは、年金制度において、基礎率を設定して、一定の財政方式に基づいて、各年度ごとの掛金総額、年金給付総額、責任準備金などを計算することをいいます。
な行,退職給付会計,年金資産,ねんきんしさん,年金資産とは、企業年金制度に基づき退職給付に充てるために積み立てられている資産をいいます。厚生年金基金制度や適格退職年金制度において保有する資産は年金資産となります。また、特定の退職給付制度のために、その制度について会社と従業員との契約（退職金規程等）に基づき、その資産が退職給付の支払いにのみ使用されることが確保されるような、一定の要件を満たした特定の資産も、年金資産とみなされます。
な行,退職給付会計,年金数理人,ねんきんすうりにん,年金数理人とは、年金基金（厚生年金、厚生年金基金、国民年金）の適正な掛金や、将来の支払いに必要な積立金の水準を算定する専門家のことをいいます。年金数理人の資格を有するには、（1）年金数理や基金制度等の試験に合格し、日本アクチェアリー会の正会員であること（2）年金数理の実務に5年以上の経験があること（3）財政計算確定報告の責任者として2年以上の経験があること（4）十分な社会的信用を有することが求められます。
な行,会社法,のれん等調整額,のれんとうちょうせいがく,のれん等調整額とは、次の額の合計額をいいます。\nイ.　資産の部に計上したのれんの額を2で除して得た額\nロ.　繰延資産の部に計上した額
な行,連結,のれん（負ののれん）,のれん（ふののれん）,のれん（又は負ののれん）とは、親会社の子会社に対する投資とこれに対応する連結子会社の資本の相殺消去の結果生じた差額（投資消去差額）をいいます。
は行,会社法,配当財産,はいとうざいさん,配当財産とは、株式会社が剰余金の配当をする場合における配当する財産をいいます。
は行,会社法,発行可能株式総数,はっこうかのうかぶしきそうすう,発行可能株式総数とは、株式会社が発行することができる株式の総数をいいます。
は行,会社法,発行可能種類株式総数,はっこうかのうしゅるいかぶしきそうすう,発行可能種類株式総数とは、株式会社が発行することができる一の種類の株式の総数をいいます。
は行,会社法,発行済株式,はっこうずみかぶしき,発行済株式とは、株式会社が発行している株式をいいます。
は行,連結,発行済株式と議決権,はっこうずみかぶしきとぎけつけん,株式には、普通株式と種類株式とがありますが、発行済株式総数といった場合には、普通株式と種類株式の両者の発行株式数を含みます。\n種類株式には、議決権のないものも含まれているので、実質支配力を判断する場合には、議決権のない株式を除いて議決権の割合を計算します。
は行,棚卸資産,売価還元法,ばいかかんげんほう,売価還元法は、棚卸資産の評価方法の一つで、値入率等の類似性に基づく棚卸資産のグループごとの期末の売価合計額に原価率を乗じて求めた金額を期末棚卸資産の価額とする方法をいいます。\n売価還元法は、取扱品種の極めて多い小売業等の業種における棚卸資産の評価に適用されます。
は行,無形資産・ソフトウェア,バグ,ばぐ,バグとは、プログラミング上の誤りのことをいいます。もともとの意味は「虫」食いで、転じて機械や計画などの誤り、欠陥などを指すようになりました。ソフトにバグがあると、機能が正常にはたらかなかったり、コンピュータが動かなくなってしまう場合があります。
は行,無形資産・ソフトウェア,パッケージソフトウェア,ぱっけーじそふとうぇあ,パッケージソフトウェアとは、店頭、インターネットを含む通信販売など、流通・販売形態やメディアを問わず、パッケージに収められた、市場で販売されるソフトウェアのことをいい、ソフトウェアパッケージとも呼ばれます。無料、低廉のソフトウェアの場合、フリーウェア、シェアウェアなどと呼ばれるものもあります。特定ユーザーの要求に従って開発するソフトウェアは、受注制作のソフトウェアであり、オーダーメードソフトウェアとも呼ばれ、それに対比されるものがパッケージソフトウェアともいえます。ほとんどのパーソナルコンピュータ向けソフトウェアやERPソフトウェアが、パッケージソフトウェアの例といえましょう。  
は行,企業再編,パーチェス法,ぱーちぇすほう,パーチェス法とは、企業結合が取得である場合に採用される会計処理方法です。パーチェス法では、取得企業は、被取得企業から受け入れる資産及び負債の取得原価を、原則として、対価として交付する現金及び株式等の時価とします。
は行,退職給付会計,比較指数,ひかくしすう,退職給付債務を算定する簡便法の1つの方法として、比較指数を用いる方法があります。これは、退職一時金制度であれば、原則法で計算した退職給付債務と自己都合要支給額の比（比較指数）、企業年金制度であれば、原則法で計算した退職給付債務と年金財政計算上の責任準備金との比（比較指数）を求め、期末時点の自己都合要支給額または年金財政計算上の責任準備金に比較指数を乗じた金額を退職給付債務とする方法です。次年度以降は、基礎率等に重要な変動がなければ、比較指数の再計算をする必要はありません。
は行,会社法,非監査業務,ひかんさぎょうむ,非監査業務とは、公認会計士法第2条第1項の業務以外の業務をいいます。
は行,退職給付会計,評価基準日,ひょうかきじゅんび,退職給付債務は、人事データや基礎率などの各種データに基づいて計算されますが、退職給付債務の金額は、退職者の発生や新規採用といった人員の異動により、金額が常に変動します。また、昇給があったり、基礎率を見直したような場合にも、退職給付債務の金額は変動することになります。そのため、退職給付債務を計算するにあたっては、ある一定の時点を基準日として定めて計算する必要がありますが、評価基準日とは、その基準とした日をいいます。
は行,金融商品,評価差額,ひょうかさがく,評価差額とは、期末において貸借対照表上に記載した金融資産または金融負債の時価とその帳簿価額（取得原価または償却原価から評価性引当金を控除した後の金額）との差額をいいます。
は行,連結,評価差額,ひょうかさがく,評価差額とは、新規連結にあたり、子会社の資産および負債を支配獲得時の公正な評価額で評価替えした場合に生じる修正差額であり、子会社の純資産の部に計上されます。\n評価差額の重要性が乏しい場合には、当該連結子会社の資産および負債は、公正な評価額に基づく評価替えを行わずに、個別貸借対照表上の金額に基づいて連結決算を行うことができます。この場合における評価差額の重要性は評価時点ごとに、かつ、個々の貸借対照表項目の時価評価による簿価修正額ごとに判断します。 
は行,過年度遡及,表示方法,ひょうじほうほう,表示方法とは、財務諸表の作成に当たって採用した表示の方法（注記による開示も含む）をいい、財務諸表の科目分類、科目配列及び報告様式が含まれます。\n表示方法は、次のいずれかの場合を除き、毎期継続して適用することとされています。\n（1）表示方法を定めた会計基準又は法令等の改正により表示方法の変更を行うケース\n（2）会計事象等を財務諸表により適切に反映させるために表示方法の変更を行うケース
は行,過年度遡及,表示方法の変更,ひょうじほうほうのへんこう,表示方針の変更とは、従来採用していた一般に公正妥当と認められた表示方法から他の一般に公正妥当と認められた表示方法に変更することをいいます。表示方法を変更した場合には、原則として遡及処理（財務諸表の組替え）が必要となります。
は行,会社法,非連結子会社,ひれんけつこがいしゃ,非連結子会社とは、連結の範囲から除かれる子会社をいいます。
は行,リース,ファイナンス・リース取引,ふぁいなんすりーすとりひき,ファイナンス・リース取引とは、次のいずれも満たすリース取引のことをいいます。\n・リース契約に基づくリース期間の中途において当該契約を解除することができないリース取引又はこれに準ずるリース取引（「解約不能のリース取引」）\n・借手が、当該契約に基づき使用する物件（リース物件）からもたらされる経済的利益を実質的に享受することができ、かつ、当該リース物件の使用に伴って生じるコストを実質的に負担することとなるリース取引（「フルペイアウトのリース取引」）
は行,金融商品,複合金融商品,ふくごうきんゆうしょうひん,複合金融商品とは、「複数種類の金融資産または金融負債が組み合わされている金融商品」をいいます。複合金融商品には、新株引受権付社債や転換社債のような払込資本を増加させる可能性のある部分を含むものと、これ以外の払込資本を増加させる可能性のある部分を含まない通貨オプション付定期預金などのその他の複合金融商品に分けて会計処理が定められています。
は行,無形資産・ソフトウェア,複合取引,ふくごうとりひき,複合取引とは、サービスの提供や機器（ハードウエア）の販売のように、異なる種類の取引を同一の契約書等で締結している取引をいいます。
は行,退職給付会計,複数事業主制度,ふくすうじぎょうぬしせいど,複数事業主制度とは、事業主が単独で企業年金制度を設立するのではなく、複数の事業主が共同して1つの企業年金制度を設立する場合をいいます。我が国の場合には、連合設立型厚生年金基金、総合設立型厚生年金基金、共同委託契約及び結合契約の適格退職年金制度が複数事業主制度に該当します。
は行,会社法,普通株式,ふつうかぶしき,普通株式とは、株主としての権利内容に制限のない標準となる株式をいいます。
は行,会社法,普通決議,ふつうけつぎ,普通決議とは、総株主の議決権の過半数に当たる株式を保有する株主が出席し、その出席株主の議決権の過半数で決議を行うことをいいます。
は行,外貨建・在外子会社,振当処理 （為替予約等に関する特例処理）,ふりあてしょり,振当処理とは、為替予約等により固定されたキャッシュ・フローの円貨額によって外貨建金銭債権債務等を換算し、当該金銭債権債務の取得時又は発生時の直物為替レートにより換算した額との差額を、為替予約等の締結時から外貨建金銭債権債務等の決済日までの期間にわたって配分し、損益認識する方法です。
は行,リース,フルペイアウトのリース取引,ふるぺいあうとのりーすとりひき,フルペイアウトのリース取引とは、借手が、当該契約に基づき使用する物件（リース物件）からもたらされる経済的利益を実質的に享受することができ、かつ、当該リース物件の使用に伴って生じるコストを実質的に負担することとなるリース取引をいいます。具体的には、当該リース物件の取得価額相当額、維持管理等の費用、陳腐化によるリスク等のほとんど全てのコストを負担することをいいます。
は行,企業再編,フレッシュ・スタート法,ふれっしゅ・すたーとほう,フレッシュ・スタ－ト法とは、すべての結合当事企業の資産及び負債を企業結合時の時価に評価替えする方法です。新設合併のようにすべての結合当事企業がいったん解散し、すべての株主の持分が清算された上で、新たに設立された企業へ拠出するという経済的実態に見合う会計処理方法とされ、我が国の企業結合会計基準では採用されておりません。
は行,金融商品,部分ヘッジ,ぶぶんへっじ,部分ヘッジとは、ヘッジ対象の金額の一定割合またはヘッジ対象の保有期間の一部の期間のみを対象としてヘッジ取引を行うことをいいます。金融商品会計に関する実務指針でもヘッジ会計の適用が認められていますが、このヘッジ会計の要件を満たす必要があります。
は行,企業再編,分割会社,ぶんかつかいしゃ,分割会社とは、会社分割において、その営業の全部または一部を分割して新設会社または承継会社に承継させる会社をいいます。 
は行,無形資産・ソフトウェア,分割検収,ぶんかつけんしゅう,分割検収とは、受注制作のソフトウェア取引において、一つのソフトウェア開発プロジェクトをいくつかの作業ごとのフェーズに分けて契約を締結し、フェーズごとに検収を行うことをいいます。フェーズ分けには、時系列的な分割（設計段階の完了、開発段階の完了など）と物的な分割（購買システムの完了、経理システムの完了など）とがあります。
は行,会社法,分配可能額,ぶんぱいかのうがく,分配可能額とは、剰余金の配当、自己株式の買取など、株主に対して金銭その他の財産を交付する場合において、当該金銭等の帳簿価額の総額が超えてはならないとされる限度額のことであり、具体的には会社法第461条第2項に従って計算される額をいいます。
は行,資産除去債務,プロスペクティブ・アプローチ,ぷろすぺくてぃぶ・あぷろーち,プロスペクティブ・アプローチとは、資産除去債務の見積りの変更から生じる調整額を、資産除去債務に係る負債及び関連する有形固定資産の帳簿価額に加減して、減価償却を通じて残存耐用年数にわたり費用配分を行う方法をいいます。
は行,無形資産・ソフトウェア,プロトタイプ,ぷろとたいぷ,製品開発を進めるうえで基本的な設計に問題がないかどうかを製品相当のテスト品を製造し、チェックしますが、プロトタイプとは、このときに製造されたプログラムの試作版のことをいい、機能評価版（β版)といわれることもあります。\n「研究開発費及びソフトウェアの会計処理に関する実務指針」においては、市場販売目的のソフトウェアの制作に係る研究開発費の終了時点は、「最初に製品化された製品マスター」の完成時点であるとし、具体的な判定基準の1つとして、製品性を判断できる程度のプロトタイプが完成していることを挙げています。
は行,棚卸資産,平均原価法,へいきんげんかほう,平均原価法は、棚卸資産の評価方法の一つで、取得した棚卸資産の平均原価を算出し、この平均原価によって期末棚卸資産の価額を算定する方法をいいます。なお、平均原価は、総平均法又は移動平均法によって算出します。
は行,退職給付会計,平均残存勤務期間,へいきんざんぞんきんむきかん,平均残存勤務期間とは、在籍する従業員が貸借対照表日から退職するまでの平均勤務期間をいいます。その算定には、退職率と死亡率を加味した年金数理計算上の脱退残存表を用いて算定する方法が原則ですが、実務上は標準的な退職年齢（定年年齢、退職給付算定上の終了年齢および退職者の平均年齢等）から貸借対照表日現在の平均年齢を控除して算定する方法も認められています。
は行,金融商品,ヘッジ会計,へっじかいけい,ヘッジ会計とは、ヘッジ取引のうち一定の要件を満たすものについて、ヘッジ対象に係る損益とヘッジ手段に係る損益を同一の会計期間に認識し、ヘッジの効果を会計に反映させるための会計処理をいいます。
は行,金融商品,ヘッジの有効性,へっじのゆうこうせい,ヘッジの有効性の判定は、原則としてヘッジの開始時から有効性判定時点までの期間において、ヘッジ対象とヘッジ手段の相場変動またはキャッシュ・フロー変動の累計を比較し、両者の変動額の比率がおおむね80％から125％の範囲内にあれば、ヘッジ対象とヘッジ手段の間に高い相関関係があり、有効であるとされます。
は行,退職給付会計,ベース・アップ,べーす・あっぷ,ベース・アップとは、賃金水準の引き上げのことをいいます。通常、会社では、職種や年齢などに応じ決められた個別賃金の一覧表があり、賃金表、給与テーブルなどと呼ばれ、賃金決定のベースに使われています。ベース・アップはこの賃金表等の金額そのものを引き上げることをいいます。したがって、年齢や勤続年数に応じて自動的に上がる定期昇給（定昇）とは区別されます。
は行,金融商品,包括ヘッジ,ほうかつへっじ,包括ヘッジとは、複数の資産または負債から構成されているヘッジ対象にかかるヘッジ会計をいいます。この場合、個々の資産または負債が共通の相場変動等による損失の可能性にさらされており、かつ、その相場変動等に対して同様に反応することが予想されるものでなければなりません。
は行,包括利益,包括利益,ほうかつりえき,包括利益とは、ある企業の特定期間の財務諸表において認識された純資産の変動額のうち、当該企業の純資産に対する持分所有者との直接的な取引によらない部分をいいます。当該企業の純資産に対する持分所有者には、当該企業の株主のほか当該企業の発行する新株予約権の所有者及び子会社の少数株主も含まれます。
は行,セグメント情報,報告セグメント,ほうこくせぐめんと,報告セグメントとは、企業が識別した事業セグメント（または複数の事業セグメントを集約したもの）のうち、セグメント情報を開示すべきセグメントをいい、量的基準に従って決定されます。
は行,会社法,報酬等,ほうしゅうとう,報酬等とは、報酬、賞与その他の職務執行の対価として株式会社から受ける財産上の利益をいいます。
は行,税金・税効果,法人税等,ほうじんぜいとう,税効果会計の適用対象となる法人税等とは、法人税その他利益に関連する金額を課税標準とする税金をいいます。法人税等には、法人税の他、都道府県民税、市町村民税および利益に関連する金額を課税標準とする事業税が含まれます。\n一方、利益に関連する金額を課税標準としない税金は、法人税等に該当せず、税効果会計との対象とはされません。このような税金としては、住民税均等割、収入を課税標準とする事業税、固定資産税、事業所税、消費税等、過少申告加算税や重加算税等の罰科金、同族会社の留保金に課税される税金等があります。
は行,税金・税効果,法人税等の負担率,ほうじんぜいとうのふたんりつ,法人税等の負担率とは、税引前当期純利益に対する税効果会計調整後の法人税等の額（法人税等と法人税等調整額との合計額）の割合を意味します。\n 税効果会計に関する注記として、理論的な法人税等の負担率である法定実効税率から実際の法人税等の負担率が乖離している場合、当該差異の原因となった主な項目別の内訳の開示が求められています。実際には、乖離する主な原因として永久差異等の発生額または当該金額に対応する負担率が開示されることになります。\nなお、この注記は、差異の重要性が乏しい場合には省略することができます。具体的には、差異が法定実効税率の100分の5以下である場合には、注記を省略できるものとされています（財務諸表等規則8条の12第3項）。
は行,会社法,法人等,ほうじんとう,法人等とは、法人その他の団体をいいます。
は行,税金・税効果,法定実効税率,ほうていじっこうぜいりつ,法定実効税率の法定とは、各会社または連結子会社が所在する国または地域の法律で定められている税率を意味し、実効税率とは現実の納税者が負担する税額の課税標準に対する割合を意味します。税効果会計においては、一時差異等に法定実効税率を乗じた額が繰延税金資産、繰延税金負債の計上額の基礎となります。\nわが国においては、法定実効税率は次の算式により計算します。\n\n法定実効税率 ＝ 法人税率×（1＋住民税率）＋事業税率/（1＋事業税率）\n\n海外子会社の個別財務諸表における税効果会計については、当該国の税率に基づいて実効税率を算定することになります。その場合、累進税率が適用されている場合には、標準税率の他に、当該子会社の将来の所得見込水準を反映させた平均税率を採用することも考えられます。
は行,会社法,法務省令で定める署名又は記名押印に代わる措置（電子署名）,ほうむしょうれいでさだめるしょめいまたはきめいおういんにかわるそち　でんししょめい,法務省令で定める署名又は記名押印に代わる措置（電子署名）とは、電磁的記録に記録することができる情報について行われる措置であって、次の要件のいずれにも該当するものをいいます。\nイ.当該情報が当該措置を行った者の作成に係るものであることを示すためのものであること\nロ.当該情報について改変が行われていないかどうかを確認することができるものであること
は行,資産除去債務,「法律上の義務及びそれに準ずるもの」の定義,ほうりつじょうのぎむおよびそれにじゅんずるもの　のていぎ,法律上の義務及びそれに準ずるものとは、有形固定資産を除去する義務のほか、有形固定資産の除去そのものは義務でなくとも、有形固定資産を除去する際に当該有形固定資産に使用されている有害物質等を法律等の要求による特別の方法で除去するという義務をいいます。
は行,ストック・オプション,本源的価値,ほんげんてきかち,本源的価値とは、算定時点においてストック・オプションが権利行使されると仮定した場合の価値であり、当該時点におけるストック・オプションの原資産である自社の株式の評価額と行使価格との差額をいいます。
は行,会社法,募集株式,ぼしゅうかぶしき,募集株式とは、当該募集に応じてこれらの株式の引き受けの申し込みをした者に対して割り当てる株式をいいます。
は行,会社法,募集社債,ぼしゅうしゃさい,募集社債とは、当該募集に応じて当該社債の引き受けの申し込みをした者に対して割り当てる社債をいいます。
は行,会社法,募集新株予約権,ぼしゅうしんかぶよやくけん,募集新株予約権とは、当該募集に応じて当該新株予約権の引き受けの申し込みをした者に対して割り当てる新株予約権をいいます。
ま行,退職給付会計,前払年金費用,まえばらいねんきんひよう,年金財政計算による年金掛金が退職給付費用を超過する状態が継続することにより、年金資産の額が企業年金制度にかかる退職給付債務に当該企業年金制度にかかる未認識過去勤務債務および未認識数理計算上の差異を加減した額を超える場合には、当該超過額は退職給付債務から控除することはできないので、前払年金費用として処理します。これは、企業年金制度の掛金計算に用いられる財政方式と退職給付費用の計算方式は異なりますが、長期間を経て従業員に給付する時点では一致することになるため、経過勘定としての前払年金費用として処理します。
ま行,金融商品,マクロヘッジ,まくろへっじ,マクロヘッジとは、資産と負債のネットポジション（差額）をヘッジ対象としてヘッジ取引を行うことをいいます。銀行等の金融機関ではALM（資産・負債の総合的なリスク管理の手法）等のもとで、ネットポジションについてのリスク管理が行われることがあります。
ま行,セグメント情報,マトリックス組織,まとりっくすそしき,マトリックス組織とは、事業セグメントの要件に合致する複数の重複する区分方法があり、いずれも責任を有する管理者がいる組織構造をいいます。例えば、ある管理者が特定の種類の製品及びサービスについて責任を有する一方で、他の管理者が特定の地域について責任を有し、両者の責任の範囲が重複している企業の組織構造が該当します。
ま行,セグメント情報,マネジメント・アプローチ,まねじめんと・あぷろーち,マネジメント・アプローチとは、経営上の意思決定を行い、業績を評価するために、経営者が企業を事業の構成単位に分別した方法を基礎とするアプローチをいい、以下の特徴を有しています。\n\n（1）企業の組織構造、すなわち、最高経営意思決定機関が経営上の意思決定を行い、また、企業の業績を評価するために使用する事業部、部門、子会社又は他の内部単位に対応する企業の構成単位に関する情報を提供すること。 \n（2）最高経営意思決定機関が業績を評価するために使用する報告において、特定の金額を配分している場合にのみ、当該金額を構成単位に配分すること。 \n（3）セグメント情報を作成するために採用する会計方針は、最高経営意思決定機関が資源を配分し、業績を評価するための報告の中で使用するものと同一にすること。
ま行,連結,未実現損失,みじつげんそんしつ,未実現損失とは、連結会社間取引において、売手側に売却損失が発生し、かつ買手側の在庫等に計上されている場合に、当該在庫等に含まれる売手側の損失相当額をいいます。\n連結上の処理は未実現利益とは異なり、売手側の帳簿価額のうち回収不能と認められる部分は消去しないこととされています。
ま行,連結,未実現利益,みじつげんりえき,未実現利益とは、連結会社間取引において、ある連結会社から他の連結会社へ売却された商品等が、当該他の連結会社において在庫などに計上されている場合に、当該在庫等に含まれる当該連結会社が付けた利益のことをいいます。\n未実現損益は、原則として連結財務諸表の作成プロセスの中で消去されます。
ま行,連結,みなし取得日,みなししゅとくび,みなし取得日とは、子会社の支配獲得日、株式の取得日または売却日等が子会社の決算日以外の日である場合に、当該日の前後いずれかの決算日に支配獲得、株式の取得または売却等が行われたものとみなして処理した場合の、当該日のことをいいます。なお、この場合の決算日には四半期決算日又は中間決算日も含まれます。
ま行,企業再編,みなし配当,みなしはいとう,みなし配当とは、法律的には配当ではないが、実質的に利益積立金の払い戻しとなる場合に､配当とみなして所得税が課税されるというものです。みなし配当は､減資、利益積立金の資本組み入れや合併等に伴って生じます。
ま行,退職給付会計,未認識過去勤務債務,みにんしきかこきんむさいむ,複数の企業年金制度、例えば退職一時金制度と企業年金制度を持っている場合、企業年金制度において積立超過となり前払年金費用が生じても、退職一時金制度における退職給付引当金と相殺することはできません（退職給付会計基準注解（注1）2）。この場合、貸借対照表上、前払年金費用と退職給付引当金が両建計上されることになります。
ま行,退職給付会計,未認識数理計算上の差異,みにんしきすうりけいさんじょうのさい,数理計算上の差異については、原則として、①各年度の発生額について発生年度に費用処理する方法または②発生年度からもしくはその翌年度から、平均残存勤務期間内の一定の年数で按分する方法（定額法）により費用処理されますので、必ずしも発生年度に全額が費用処理されるわけではありません。\n未認識数理計算上の差異とは、数理計算上の差異の発生額のうち、まだ費用処理されていない金額をいいます。未認識数理計算上の差異の金額は、退職給付引当金の計算にあたっては、退職給付債務の金額から控除します。
ま行,税金・税効果,未払法人税等,みばらいほうじんぜいとう,未払法人税等とは、納付すべき法人税、住民税および事業税の未払額をいいます。確定決算を行うと同時に要納税額が合理的に見積もることが可能となるため、その見積額は、法人税等を相手勘定にして、未払法人税等という科目で負債に計上されます。法人税等は、この処理に加えて税効果会計に関する調整を行う必要があります。\n一方、繰延税金負債は、納付すべき法人税等の未払額ではなく、一時差異等の期間配分により発生したものですので、両者は表示上、明確に区分する必要があります。
ま行,会社法,無償減資,むしょうげんし,無償減資とは、会社の純財産を減少させずに（株主に対して金銭等の交付を行わず）会社の資本金額を減少させることをいいます。欠損填補に充当する場合を除いて、現象の法的効力が発生した時に、「その他資本剰余金」の増加を認識します。
ま行,連結,持株比率,もちかぶひりつ,持株比率とは、一般に発行済株式総数に対する親会社が保有する株式の数の割合をいいます。発行済株式がすべて普通株式の場合には、持株比率＝議決権割合となりますが、無議決権株など種類株式を発行している場合には、持株比率＝議決権割合とはなりません。
ま行,会社法,持分会社,もちぶんがいしゃ,持分会社とは、合名会社、合資会社または合同会社の総称をいいます。
ま行,企業再編,持分の結合,もちぶんのけつごう,持分の結合とは、いずれの企業（又は事業）の株主（又は持分保有者）も他の企業（又は事業）を支配したとは認められず、結合後企業のリスクや便益を引き続き相互に共有することを達成するため、それぞれの事業のすべて又は事実上のすべてを統合して1 つの報告単位となることをいい、この「持分の結合」に対する会計処理としては、対応する資産及び負債を帳簿価額で引き継ぐ会計処理が適用されます.
ま行,連結,持分比率,もちぶんひりつ,持分比率とは、連結子会社の純資産に対する親会社の持分の比率をいいます。持分比率は、いわば連結に取り込まれる連結子会社の利益剰余金の比率といえます。
ま行,企業再編,持分プーリング法,もちぶんぷーりんぐほう,持分プーリング法とは、企業結合が「持分の結合」である場合に採用される会計処理とされていましたが、平成20年12月の企業結合会計基準の改正により、廃止されました。
ま行,連結,持分変動差額,もちぶんへんどうさがく,持分変動差額とは、連結子会社における時価発行増資等により、親会社の持株比率が減少した場合における個別貸借対照表上の当該連結子会社株式のみなし売却簿価と連結貸借対照表上の売却簿価（資本およびのれん未償却額のそれぞれの持分減少相当額の合計額）との間で生じた差額をいいます。この持分変動差額は、株式を売却した場合に準じて、損益として処理することが原則ですが、利害関係者の判断を著しく誤らせるおそれがある場合には、連結剰余金に直接加減することができます。
ま行,連結,持分法,もちぶんほう,持分法とは、投資会社が被投資会社の資本及び損益のうち投資会社に帰属する部分の変動に応じて、その投資の額を連結決算日ごとに修正する方法をいいます。連結は、連結会社の財務諸表を勘定科目ごとに合算することによって企業集団の財務諸表を作成するので、完全連結（ライン・バイ・ライン・コンソリデーション又はフル・ライン・コンソリデーション）といわれます。これに対して、持分法による処理は、被投資会社の純資産及び損益に対する投資会社の持分相当額を、原則として、貸借対照表上は投資有価証券の修正、損益計算書上は「持分法による投資損益」によって連結財務諸表に反映することから、一行連結（ワン・ライン・コンソリデーション）といわれます。
ま行,連結,持分法適用に伴う負債,もちぶんほうてきようにともなうふさい,持分法適用に伴う負債とは、持分法適用会社が債務超過等となった場合に生じた持分額のマイナス部分であり、負債の部に計上します。
や行,会社法,役員,やくいん,役員とは、次のように定められています。\n[会社法第329条から第347条まで、同第371条第4項、同394条第3項の定義]\n取締役、会計参与および監査役をいいます。\n[会社法施行規則の定義]\n取締役、会計参与、監査役、執行役、理事、監事その他これらに準ずる者をいいます。\n[会社計算規則第140条の定義]\n取締役、会計参与、監査役または執行役をいいます。
や行,退職給付会計,役員退職慰労金,やくいんたいしょくいろうきん,役員退職慰労金とは、取締役や監査役が役員を退職する際に、株主総会の決議を経て支給される退職金をいいます。役員退職慰労金については、労働の対価との関係が必ずしも明確でないことから、退職給付会計基準の対象にはなっていません。したがって、これを会計上、負債として計上する場合には、退職給付引当金とはせずに、役員退職慰労引当金等の科目で計上しなければなりません。
や行,会社法,役員等,やくいんとう,役員等とは、取締役、会計参与、監査役、執行役または会計監査人をいいます。
や行,賃貸不動産,遊休不動産,ゆうきゅうふどうさん,遊休不動産とは、企業活動にほとんど使用されていない不動産をいいます。\n遊休不動産のうち、将来の使用が見込まれていないものは、処分によるキャッシュ・フローのみが期待され、時価が企業にとっての価値を示すものと考えられるため、賃貸等不動産に含まれます。一方、企業が将来の使用を見込んでいる遊休不動産は、その見込みに沿って賃貸借不動産に当たるか否かを判断することになります。
や行,資産除去債務,有形固定資産の除去,ゆうけいこていしさんのじょきょ,有形固定資産の除去とは、有形固定資産を用役提供から除外することをいいます（一時的に除外する場合を除きます）。除去の具体的な態様としては、売却、廃棄、リサイクルその他の方法による処分等が含まれますが、転用や用途変更は含まれません。
や行,会社法,有償減資,ゆうしょうげんし,有償減資とは、会社の純財産の一部を株主に返還して会社の資本金を減額することをいいます。
や行,無形資産・ソフトウェア,Uターン取引,ゆーたーんとりひき,Uターン取引とは、自社が起点及び終点となってその間に商社的な取引が行われ、最終的に自社が販売した商品・製品等が複数の企業を経由して自社にUターンして戻り、在庫又は償却資産として保有されるケースをいいます。「情報サービス産業における監査上の諸問題について」（日本公認会計士協会・平成17年3月公表）において、ソフトウェアに係る取引で、問題が見受けられる事例の一つとして取り上げられています。
や行,退職給付会計,横割型,よこわりがた,横割型とは、退職一時金制度を採用している会社が、一部を企業年金制度へ移行する場合に、支給される退職給付の一定割合を退職一時金制度から給付し、残りの部分を企業年金制度から給付するような移行形態をいいます。縦軸に退職給付の額、横軸に年齢をとって図を書いたときに、移行部分と未移行部分とが横に分かれるので、横割型と呼ばれます。
や行,退職給付会計,予定昇給率,よていしょうきゅうりつ,予定昇給率とは、在籍する従業員について、給与が将来どのように上昇していくかを推定し、それを昇給率というかたちで率にして表したものです。多くの会社では、退職給付の額は退職時の給与を基礎として、それに勤続年数等に応じた支給倍率を乗じて計算するような計算体系になっています。そこで、退職時の給与を合理的に見込むために、予定昇給率を算定することが必要になります。
や行,退職給付会計,予定退職加算金,よていたいしょくかさんきん,年齢加算金、役職または資格に応じて加算される資格加算金などで、退職時に支給される退職給付額の計算において、一定の要件を満たした場合に加算される給付金については、年齢等の一定の要件を満たすことが合理的に予測できる場合には、退職給付見込額の見積りに含めることになっています。予定退職加算金とは、そこで、退職給付見込額の見積りに含めた加算金をいいます。
や行,金融商品,予定取引,よていとりひき,予定取引とは、未履行の確定契約に係る取引および契約は成立していないが、取引予定時期、取引予定物件、取引予定量、取引予定価格等の主要な取引条件が合理的に予測可能であり、かつ、それが実行される可能性が極めて高い取引をいいます。
ら行,無形資産・ソフトウェア,ライセンス契約,らいせんすけいやく,ライセンス契約とは、ソフト会社等が自社で著作権を有しているソフトウェア等を使用する権利をユーザーに与える契約のことです。\nフリーウェア等（インターネット上等で無料で使用できるソフトウェア）を除くパッケージソフトは必ずメーカーとユーザー間で使用許諾契約が締結されます。市販のパッケージを購入した場合、一般的にはソフトウェアのパッケージを開梱することによってユーザーは許諾条件を認めたこととなります。また、この場合、通常は1本のソフトウェアに対して1台のパソコンでのみ使用が認められ、複数のパソコンにインストールして使用することは違法行為となります。ただし、企業等でソフトウェアを複数のパソコンにインストールして使用する場合も少なくなく、この場合には1台につきいくらといったライセンス契約が行われます。
ら行,株主資本等変動計算書,利益剰余金,りえきじょうよきん,利益剰余金とは、利益を源泉とする剰余金のことであり、利益準備金とその他利益剰余金に区分されます。その他利益剰余金は、任意積立金、繰越利益剰余金に区分されます。
ら行,会社法,利益剰余金配当割合,りえきじょうよきんはいとうわりあい,利益剰余金配当割合とは、次のイからハの額の合計額(会社法446六)のうち、株式会社がその他の利益剰余金から減ずるべき額と定めた額(計算規則22②二）の割合をいいます。\nイ.配当財産の帳簿価額の総額（※） （会社法454① 一） \nロ.金銭分配請求権を行使した株主に交付した金銭の額の合計額（会社法454 ④一） \nハ.基準未満株式の株主に支払った金銭の額の合計額（会社法456） \n（※）金銭分配請求権（会社法454 ④一）を行使した株主に割り当てた当該配当財産の帳簿価額を除きます。 
ら行,金融商品,リスク・経済価値アプローチ,りすく・けいざいかちあぷろーち,リスク・経済価値アプローチとは、金融資産のリスクと経済価値のほとんどすべてが第三者に移転した場合に、当該金融資産全体の消滅を認識する方法です。
ら行,退職給付会計,利息費用,りそくひよう,利息費用とは、割引計算により算定された期首時点における退職給付債務について、期末までの時の経過により発生する計算上の利息をいいます。退職給付債務の計算にあたっては、退職時に支給が見込まれる退職給付を残存勤務期間に基づいて割り引いて計算しているため、時の経過により残存勤務期間が短くなることによって、退職給付債務が大きくなりますが、利息費用は、時の経過による退職給付債務の増加分を意味します。
ら行,会社法,臨時会計年度,りんじかいけいねんど,臨時会計年度とは、臨時計算書類の作成に係る期間をいい、当該事業年度の前事業年度の末日の翌日（※）から臨時決算日までの期間をいいます。\n（※）当該事業年度の前事業年度がない場合にあっては、成立の日。
ら行,企業再編,臨時株主総会,りんじかぶぬしそうかい,年一回､毎事業年度の終了後一定の時期に招集しなければならない株主総会を定時総会といいます。これに対して、必要に応じて臨時に招集される株主総会を臨時株主総会といいます。 
ら行,会社法,臨時計算書類,りんじけいさんしょるい,臨時計算書類とは、次に掲げるものをいいます。\nイ.臨時決算日における貸借対照表\nロ.臨時決算日の属する事業年度の初日から臨時決算日までの期間に係る損益計算書
ら行,会社法,臨時計算書類等,りんじけいさんしょるいとう,臨時計算書類等とは、臨時計算書類（会社法441①）および監査役設置会社（※）または会計監査人設置会社の場合における監査報告または会計監査報告（会社法441②、436②）\n（※）監査役の監査の範囲を会計に関するものに限定する旨の定款の定めがある株式会社を含みます。
ら行,会社法,臨時決算日,りんじけっさんび,臨時決算日とは、最終事業年度の直後の事業年度に属する一定の日をいいます。
ら行,リース,リース投資資産,りーすとうししさん,リース投資資産とは、所有権移転外ファイナンス・リース取引で貸手側で生じる資産です。所有権移転ファイナンス・リース取引の場合は、貸手は、借手からのリース料と割安購入選択権の行使価額で回収しますが、所有権移転外ファイナンス・リース取引の場合は、リース料と見積残存価額の価値により回収を図る点で差異があるため、所有権移転ファイナンス・リース取引で生じる資産はリース債権に計上しますが、所有権移転外ファイナンス・リース取引で生じる資産はリース投資資産に計上することとされています。\n\nこの場合のリース投資資産は、将来のリース料を収受する権利と見積残存価額から構成される複合的な資産といえます。\n
ら行,リース,リース取引,りーすとりひき,リース取引とは、特定の物件の所有者たる貸手（レッサー）が、当該物件の借手（レッシー）に対し、合意された期間（リース期間）にわたりこれを使用収益する権利を与え、借手は、合意された使用料（リース料）を貸手に支払う取引をいいます。リース会計基準におけるリース取引の定義を満たすものについては、リース契約、レンタル契約、賃貸借契約などの名称にかかわらず、リース取引として取り扱われます。
ら行,連結,連結株主資本等変動計算書,れんけつかぶぬしもちぶんへんどうけいさんしょ,連結株主資本等変動計算書とは、連結貸借対照表の純資産の部の一連結会計年度における変動額のうち、主として、親会社の株主に属する部分である株主資本の各項目の変動事由を報告するために作成されるものです。
ら行,会社法,連結計算書類,れんけつけいさんしょるい,連結計算書類とは、次に掲げるものをいいます。\nイ.連結貸借対照表\nロ.連結損益計算書\nハ.連結株主資本等変動計算書\nニ.連結注記表
ら行,連結,連結決算日,れんけつけっさんび,連結決算日とは、連結財務諸表の作成に基準となる決算日であり、親会社の会計期間に基づき、年1 回一定の日をもって連結決算日とされます。子会社の決算日が連結決算日と異なる場合、当該子会社は、連結決算日に正規の決算に準ずる合理的な手続により決算を行うこととされています。
ら行,連結,連結財務諸表,れんけつざいむしょひょう,連結財務諸表とは、支配従属関係にある2つ以上の企業からなる集団を単一の組織体とみなして、親会社が当該企業集団の財政状態、経営成績及びキャッシュ・フロ－の状況を総合的に報告するために作成されるものです。
ら行,税金・税効果,連結財務諸表固有の一時差異,れんけつざいむしょひょうこゆうのいちじさい,連結財務諸表固有の一時差異とは、課税所得の計算には関係しませんが、連結手続の結果として連結貸借対照表上の資産又は負債の金額が、連結会社の個別貸借対照表上の資産又は負債の金額と差異が生じることにより発生するものであり、次のようなものが例示されています。\n\n（1）資本連結に際し、子会社の資産及び負債の時価評価による評価差額 \n（2）連結会社相互間の取引から生じる未実現損益の消去額 \n（3）連結会社相互間の債権と債務の相殺消去による貸倒引当金の減額修正額 \n（4）連結上の会計方針の統一を連結手続上で行った場合に、連結貸借対照表上の資産額（負債額）が個別貸借対照表上の当該資産額（負債額）と相違するときの当該差額 \n（5）子会社への投資に係る差異（連結財務諸表に合算される子会社の純資産の親会社持分額及びのれんの未償却残高の合計額と、親会社の個別財務諸表上の投資簿価との差額） 
ら行,連結,連結上の簿価,れんけつじょうのぼか,連結上の簿価とは、連結財務諸表上における連結子会社ないし持分法適用会社の投資額であり、連結子会社株式ないし持分法適用会社株式に持分法を適用した場合の投資額と同じ金額となります。連結上の簿価は、連結連結子会社の親会社持分の金額と同じであり、連結子会社の売却の際の売却原価となる金額です。
ら行,税金・税効果,連結納税制度,れんけつのうぜいせいど,連結納税制度とは、企業集団の一体性に着目し、企業集団全体をあたかも１つの納税単位として課税する制度です。そのメリットは、企業集団内に赤字や欠損金を有する会社が存在する場合、その分だけ税金負担を軽減できることです。主要先進国では連結納税制度が導入されており、企業組織の再編成や国際競争力の維持・強化の観点から、わが国でも平成14年度より導入されています。
ら行,連結,連結の範囲,れんけつのはんい,連結の範囲とは、連結財務諸表に含められるべき連結会社の範囲であり、 親会社は、原則としてすべての子会社を連結の範囲に含めることとされます。
ら行,会社法,連結配当規制適用会社,れんけつはいとうきせいてきようかいしゃ,連結配当規制適用会社とは、ある事業年度（※）の末日が最終事業年度の末日となる時から当該ある事業年度の次の事業年度の末日が最終事業年度の末日となる時までの間における当該株式会社の分配可能額の算定につき、会社計算規則第158条第4項の規定を適用する旨を当該ある事業年度に係る計算書類の作成に際して定めた株式会社をいいます。\n（※）ある事業年度に係る連結計算書類を作成しているものに限ります。
わ行,株主資本等変動計算書,ワラント,わらんと,ワラントとは、その保有者が普通株式を取得することのできる権利またはこれに準ずる権利をいい、たとえば新株予約権が含まれます。
わ行,退職給付会計,割引率,わりびきりつ,割引率とは、将来の価値を現在の価値に直すために用いる率のことをいいます。利回りを考慮すれば現在の通貨の価値と将来の通貨の価値とでは価値が違うために、将来の通貨の価値を現在の通貨の価値に換算するために用いる率のことを指します。利回りを5％であるとすると、現在の1万円は1年後には1万円×（1＋0.05）＝10、500円になりますから、この計算を逆に行えば、1年後の1万円の現在の価値は、1万円÷（1＋0.05）＝9、524円であるということになります。このような計算を行うとき、仮定としておいていた利回りの5％のことを、割引率といいます。 なお、退職給付債務の計算における割引率は、安全性の高い長期の債券の利回りを基礎として決定することとされています。
A-Z,無形資産・ソフトウェア,ASP,えいえすぴー,ASP（アプリケーション・サービス・プロバイダー）とは、一般にアプリケーション・ソフトウェアの処理サービスを、インターネットを通じてユーザーに提供する事業者のこと、もしくはサービスそのもののことを指します。
A-Z,外貨建・在外子会社,CFR,しーえふあーる,CFRとは、Cost And Freightの略称で、FOBと同じく本船に積み込んだ時点で危険負担が買手に移転しますが、運賃は売主の負担となる取引条件です。したがって、CFR価格は「FOB価格＋仕向港までの運賃」となります。
A-Z,外貨建・在外子会社,CIF,しーあいえふ、しふ,CIFとは、Cost、 Insurance and Freightの略称で、CFRに保険料を加えた価格での取引条件であり、運賃の他、保険料も売手によって負担されます。したがって、CIF価格は「FOB価格＋仕向港までの運賃＋仕向港までの保険料」となります。
A-Z,外貨建・在外子会社,D/A （手形引受書類引渡し：Documents against Acceptance）,でぃーえー,D/A手形とは、荷為替手形を利用した決済方法の一つで、輸入者が銀行に対して期限（ユーザンス）付の手形を引き受けることにより、船積書類を引き渡す条件とした決済方法です。
A-Z,外貨建・在外子会社,D/P （手形支払書類引渡し：Documents against Payment）,でぃーぴー,D/P手形とは、荷為替手形を利用した決済方法の一つで、輸入者が銀行に対して荷為替手形の支払を行うのと同時に船積書類を引き渡す条件とした決済方法です。
A-Z,企業再編,DCF方式,でぃーしーえふほうしき,DDCF方式（DCF法）とは、企業の評価方法のひとつであり、DCFとは、ディスカウント・キャッシュ・フロ－の頭文字をとったものです。具体的には、将来5年ないし10年の事業計画に基づいて計算した各年度のキャッシュフローと最終事業年度の残存価値を、一定の割引率により割引計算した現在価値の合計額により企業価値を評価し、これを発行済株式数で除して1株当たりの株価を算定する方法です。
A-Z,その他,ESOP,いそっぷ、いーそっぷ,ESOPとは、Employee Stock Ownership Planの略であり、当該制度が発祥した米国においては、退職後の備えのために、従業員が株式を報酬として受け取る仕組みのことを指します。\nわが国では、平成19年から導入する企業が出てきており、平成20年11月17日に経済産業省が「新たな自社株式保有スキームに関する報告書」を公表し、日本版ESOPの論点が整理されたことなどから、その後導入を公表する企業が増えてきています。
A-Z,外貨建・在外子会社,FOB,ふぉぶ、えふおーびー,FOBとは、Free On Boardの略称で、貨物を本船に積み込んだ時点で、貨物の所有権、危険負担が輸出者（売手）から輸入者（買手）に移転する取引条件をいいます。商品の仕入価格、梱包費、積込までの輸送価格および輸出者利益が価格の構成要素となります。\n本船積込以降にかかる運賃、保険料等の費用については買手が支払う条件です。
A-Z,企業再編,M&A,えむあんどえー,M&Aとは、Merger and Acquisitionの略であり、会社の合併・買収のことをいいます。
A-Z,資産除去債務,PCB,ぴーしーびー,PCBとは、Poly Chlorinated Biphenyl （ポリ塩化ビフェニル）の略称で、ポリ塩化ビフェニル化合物の総称です。PCBは、「ポリ塩化ビフェニル廃棄物の適正な処理の推進に関する特別措置法」 に基づき、平成28年までに処分することが義務付けられています。
A-Z,外貨建・在外子会社,PE （恒久的施設）,ぴーいー,恒久的施設とは、外国法人、非居住者が事業を行う一定の場所であってその事業の全部または一部を行っている場所をいいます（OECDモデル条約5条）。恒久的施設の具体的な例としては、外国法人の支店、工場、建設作業場等です。ある施設等が恒久的施設に該当するかどうかによって、課税対象所得の範囲が異なったり、租税条約上の限度税率の適用の有無が決まります。
0-9,退職給付会計,401K,よんまるいちけー,401Kとは、確定拠出型年金のことを指します。この呼び方は、アメリカで確定拠出型年金を規定した法律の条文名に由来しています。
